Barcode,Pathologist Annotation
AAACAAGTATCTCCCA-1,tumor&stroma
AAACACCAATAACTGC-1,stroma_fibroblastic_IC med
AAACAGCTTTCAGAAG-1,tumor&stroma
AAACAGGGTCTATATT-1,tumor&stroma
AAACCGGGTAGGTACC-1,stroma_fibroblastic_IC med
AAACCGTTCGTCCAGG-1,tumor
AAACCTCATGAAGTTG-1,tumor
AAACGAGACGGTTGAT-1,tumor&stroma
AAACTGCTGGCTCCAA-1,tumor
AAACTTAATTGCACGC-1,tumor&stroma
AAACTTGCAAACGTAT-1,stroma_fibroblastic_IC med
AAAGAATGACCTTAGA-1,tumor&stroma
AAAGGCTACGGACCAT-1,stroma_fibroblastic_IC high
AAAGGCTCTCGCGCCG-1,stroma_fibroblastic_IC high
AAAGGGATGTAGCAAG-1,tumor&stroma
AAAGTAGCATTGCTCA-1,tumor&stroma
AAAGTCGACCCTCAGT-1,tumor&stroma
AAAGTGTGATTTATCT-1,tumor
AAAGTTGACTCCCGTA-1,tumor&stroma
AAATACCTATAAGCAT-1,tumor
AAATAGGGTGCTATTG-1,tumor&stroma
AAATCGTGTACCACAA-1,tumor&stroma
AAATCTAGCCCTGCTA-1,stroma_fibroblastic_IC high
AAATGGCCCGTGCCCT-1,tumor
AAATTGATAGTCCTTT-1,tumor&stroma
AAATTTGCGGGTGTGG-1,stroma_fibroblastic_IC med
AACAACTGGTAGTTGC-1,stroma_fibroblastic_IC med
AACAATACATTGTCGA-1,stroma_fibroblastic_IC med
AACAATTACTCTACGC-1,tumor&stroma
AACACACGCTCGCCGC-1,tumor&stroma
AACACGAGACGCGGCC-1,stroma_fibroblastic_IC med
AACAGCTGTGTGGCAA-1,stroma_fibroblastic_IC med
AACAGGATGGGCCGCG-1,tumor
AACATTGTGACTCGAG-1,stroma_fibroblastic_IC high
AACCAAGACTTCTCTG-1,tumor
AACCATAGGGTTGAAC-1,tumor
AACCCTACTGTCAATA-1,tumor&stroma
AACCGAGCTTGGTCAT-1,tumor&stroma
AACCGCTAAGGGATGC-1,tumor&stroma
AACCTTTAAATACGGT-1,tumor
AACGATAATGCCGTAG-1,tumor
AACGATATGTCAACTG-1,stroma_fibroblastic_IC med
AACGCGGTCTCCAGCC-1,tumor&stroma
AACGGACGTACGTATA-1,tumor&stroma
AACGGCCATCTCCGGT-1,tumor&stroma
AACGTACTGTGGGTAC-1,tumor
AACGTCAGACTAGTGG-1,stroma_fibroblastic_IC med
AACGTGCGAAAGTCTC-1,stroma_fibroblastic_IC med
AACTAGGCTTGGGTGT-1,tumor
AACTCAAGTTAATTGC-1,tumor
AACTCTCAATAGAGCG-1,tumor&stroma
AACTCTCAGTGTGCTC-1,stroma_fibroblastic_IC high
AACTGGGTCCCGACGT-1,stroma_fibroblastic_IC med
AACTTGCCCGTATGCA-1,tumor
AAGACCAAATAACTCA-1,tumor
AAGACCCAACTGAACA-1,tumor&stroma
AAGACTGCAAGCTACT-1,tumor&stroma
AAGAGCTCTTTATCGG-1,stroma_fibroblastic_IC med
AAGAGGATGTACGCGA-1,tumor&stroma
AAGAGGCATGGATCGC-1,stroma_fibroblastic_IC med
AAGATGGCACCGGACC-1,tumor&stroma
AAGCACCCTGCGTATC-1,tumor
AAGCATACTCTCCTGA-1,tumor
AAGCCGCCGTGAAATC-1,tumor
AAGCGTCCCTCATCGA-1,tumor
AAGCTAGATCGAGTAA-1,tumor
AAGCTCGTGCCAAGTC-1,stroma_fibroblastic_IC med
AAGCTCTTTCATGGTG-1,tumor
AAGGAGCGGTTGGTGC-1,stroma_fibroblastic_IC med
AAGGATGAGGGACCTC-1,tumor
AAGGCGCGTAAAGCTT-1,stroma_fibroblastic_IC high
AAGGCTGTGCTCATCG-1,stroma_fibroblastic_IC med
AAGGGAACGACTGGCT-1,tumor&stroma
AAGGGACTATGCATTC-1,tumor&stroma
AAGGTATCCTAATATA-1,stroma_fibroblastic_IC med
AAGGTGATAAACCAGC-1,tumor&stroma
AAGTAGAAGACCGGGT-1,stroma_fibroblastic_IC med
AAGTAGTGACGCGAGG-1,tumor
AAGTCAATTGTCGTCA-1,tumor&stroma
AAGTCTTCTGTGGCCT-1,tumor
AAGTGACGACCGAATT-1,tumor&stroma
AAGTGAGTCGGGTTTA-1,stroma_fibroblastic_IC high
AAGTGCGTTAGAATCT-1,stroma_fibroblastic_IC med
AAGTGTTTGGAGACGG-1,tumor&stroma
AAGTTCACTCCAAGCT-1,tumor
AAGTTCGGCCAACAGG-1,stroma_fibroblastic_IC high
AATAACAACGCTCGGC-1,tumor
AATAACACTAGAACAA-1,tumor
AATAGAACAGAGTGGC-1,tumor&stroma
AATAGAATCTGTTTCA-1,tumor&stroma
AATAGTCCGTCCCGAC-1,tumor&stroma
AATATCCTAGCAAACT-1,tumor
AATATTGGAGTATTGA-1,tumor&stroma
AATCGCCTCAGCGCCA-1,tumor
AATCTAGGTTTACTTG-1,tumor
AATCTCTACTGTGGTT-1,tumor&stroma
AATCTGCGTTGGGACG-1,stroma_fibroblastic_IC high
AATCTGGCTTTCTAGT-1,tumor
AATGACAGCAATGTCT-1,stroma_fibroblastic_IC med
AATGACGTAGGATGTC-1,tumor&stroma
AATGACTGTCAGCCGG-1,stroma_fibroblastic_IC med
AATGCAACCGGGTACC-1,tumor
AATGTATGGCACTGTA-1,tumor
AATGTGCCCGAGGTGT-1,tumor
AATTAAAGGTCGGCGT-1,tumor
AATTAACGGATTTCCA-1,tumor&stroma
AATTACGAGACCCATC-1,stroma_fibroblastic_IC med
AATTAGCGCTGCAGCG-1,tumor&stroma
AATTCATTGTCATGCA-1,tumor
AATTCTAGAGTTAGGC-1,tumor&stroma
AATTGAACGCTCTGGT-1,stroma_fibroblastic_IC med
ACAAACCATGCGTCCT-1,tumor
ACAAAGAAGGTAGGCC-1,tumor
ACAAATGGTAGTGTTT-1,stroma_fibroblastic_IC med
ACAACAGCATGAGCTA-1,stroma_fibroblastic_IC high
ACAAGCAGTGCCTAGC-1,tumor
ACAAGGAAATCCGCCC-1,tumor
ACAAGGACAAGAGGTT-1,stroma_fibroblastic_IC med
ACAAGGGCAGGCTCTG-1,tumor
ACAATAGTCGTACGTT-1,stroma_fibroblastic_IC med
ACAATCCATTTAAACC-1,tumor
ACAATTGTGTCTCTTT-1,stroma_fibroblastic_IC high
ACAATTTGAGCAGTGG-1,tumor
ACACAAAGACGGGTGG-1,tumor&stroma
ACACACCAGGACCAGT-1,tumor&stroma
ACACATGATCAAATCT-1,tumor&stroma
ACACCCAGCATGCAGC-1,stroma_fibroblastic_IC high
ACACCGGTCTGACCGC-1,tumor&stroma
ACACCTTAAGTAGGGC-1,stroma_fibroblastic_IC med
ACACGAGACTCCTTCT-1,tumor&stroma
ACACGGGAACTTAGGG-1,tumor
ACACTGATCAAGGTGT-1,tumor
ACAGAACTGAGAACAA-1,tumor
ACAGGCTTGCCCGACT-1,tumor&stroma
ACAGGTGGAGGTGAGG-1,tumor
ACAGTAATACAACTTG-1,tumor&stroma
ACATAAGTCGTGGTGA-1,tumor
ACATAATAAGGCGGTG-1,stroma_fibroblastic_IC med
ACATCCCGGCCATACG-1,tumor
ACATCGATCGTTTACC-1,tumor
ACATCGGTCAGCCGCG-1,tumor&stroma
ACATCGTATGCAATGG-1,tumor&stroma
ACATTAGTTTATATCC-1,tumor&stroma
ACCAACGCTTATTTAT-1,tumor&stroma
ACCAATATGCAAGTTA-1,tumor
ACCACAAGTTTCTATC-1,stroma_fibroblastic_IC high
ACCACGTGCAGCTATA-1,tumor
ACCAGACCATAACAAC-1,tumor&stroma
ACCAGTGCGGGAGACG-1,tumor&stroma
ACCATATCCGCAATAA-1,tumor
ACCATCCGCCAACTAG-1,tumor&stroma
ACCATCGTATATGGTA-1,tumor&stroma
ACCCAACGCCCGTGGC-1,tumor&stroma
ACCCATCTTGAGGGTA-1,tumor
ACCCGAGCGAAATTAC-1,tumor
ACCCGGAAACTCCCAG-1,tumor&stroma
ACCCGGTTACACTTCC-1,tumor&stroma
ACCCGTGTCATCAGTA-1,tumor&stroma
ACCCTATGCCATATCG-1,stroma_fibroblastic_IC high
ACCCTCCCTTGCTATT-1,stroma_fibroblastic_IC high
ACCGACACATCTCCCA-1,stroma_fibroblastic_IC high
ACCGACTGAGTCCCAC-1,tumor
ACCGATGGTAGCATCG-1,stroma_fibroblastic_IC med
ACCGCAATAACTGCCT-1,tumor&stroma
ACCGGGCCTTTGTTGA-1,tumor&stroma
ACCGGTCAGGTACACC-1,tumor&stroma
ACCGTCCACTGGGCCC-1,tumor
ACCGTGACCACGTGGG-1,tumor&stroma
ACCTAAGTACCTTTCA-1,tumor&stroma
ACCTAATCGACTTCCT-1,tumor
ACCTCGAACTTATGCT-1,tumor&stroma
ACCTGCGTGTCATGTT-1,stroma_fibroblastic_IC med
ACGACTGGTCATACTC-1,stroma_fibroblastic_IC high
ACGAGGATACCACTCT-1,tumor&stroma
ACGATCATACATAGAG-1,tumor&stroma
ACGATGCATATGTTAT-1,tumor
ACGCAAACTAATAGAT-1,stroma_fibroblastic_IC high
ACGCATTCGTGAGTAC-1,stroma_fibroblastic_IC high
ACGCCGCTAGACGACC-1,tumor
ACGCGAAGTCAGACGA-1,stroma_fibroblastic_IC med
ACGCGCTACACAGGGT-1,tumor&stroma
ACGCTGTGAGGCGTAG-1,tumor&stroma
ACGGACTCTCAAAGCG-1,stroma_fibroblastic_IC high
ACGGATGGTGCGGATA-1,tumor
ACGGCACTTGCTTGGG-1,tumor&stroma
ACGGCCAACATGGACT-1,tumor&stroma
ACGGCGACGATGGGAA-1,tumor&stroma
ACGGCTGGATGTAGAA-1,tumor&stroma
ACGGGAGTGTCGGCCC-1,stroma_fibroblastic_IC med
ACGTAGATTGCTGATG-1,stroma_fibroblastic_IC med
ACGTATTACTCCGATC-1,tumor&stroma
ACGTCTCGTTCCGGGA-1,tumor
ACGTGACAAAGTAAGT-1,stroma_fibroblastic_IC high
ACGTTAATGTCGAAGA-1,tumor
ACGTTAGATTTGCCCG-1,tumor
ACGTTCGTTCAGGAAA-1,stroma_fibroblastic_IC med
ACTACATCCCGACAAG-1,tumor&stroma
ACTACCAGCTCTCTGG-1,stroma_fibroblastic_IC med
ACTACGCGTTAGAATT-1,tumor&stroma
ACTATGTCCAGCTGCC-1,tumor
ACTATTTCCGGGCCCA-1,tumor&stroma
ACTCAATAAAGGCACG-1,tumor&stroma
ACTCCAATATCATCAT-1,tumor
ACTCCCATTCCTAAAG-1,tumor&stroma
ACTCCCTAATGCTAAA-1,tumor
ACTCCCTAGAATAGTA-1,tumor
ACTCGTAACCCGTCCT-1,stroma_fibroblastic_IC med
ACTCGTCAGTAATCCC-1,tumor&stroma
ACTCTCTGACTTAGGT-1,stroma_fibroblastic_IC med
ACTCTTGTATAGTAAC-1,stroma_fibroblastic_IC med
ACTGAAACGCCGTTAG-1,stroma_fibroblastic_IC high
ACTGAATGGCGAAAGT-1,tumor&stroma
ACTGCTCGGAAGGATG-1,tumor&stroma
ACTGTACGATACACAT-1,tumor&stroma
ACTGTAGCACTTTGGA-1,stroma_fibroblastic_IC high
ACTGTCTTCTTTAGAA-1,stroma_fibroblastic_IC high
ACTTACGCATCCACGC-1,tumor&stroma
ACTTATACTTACCCGG-1,tumor&stroma
ACTTATTAGGATCGGT-1,tumor
ACTTATTTATGTGCCA-1,tumor&stroma
ACTTCAGGCTGATCCC-1,tumor
ACTTCGCCATACGCAC-1,tumor
ACTTGACTCCCTCTTT-1,tumor
ACTTGGGACCCGGTGG-1,stroma_fibroblastic_IC med
ACTTGTAGTCCCTTCA-1,tumor
ACTTTCCTATAGCTTC-1,tumor
ACTTTGACTGCATCCT-1,tumor&stroma
ACTTTGGTCGTGCTCC-1,tumor&stroma
AGAACCCTCAATTGGG-1,tumor&stroma
AGAACGTGGTACATTC-1,tumor
AGAAGAGCGCCGTTCC-1,tumor
AGAAGGTACACTTCAC-1,tumor&stroma
AGAAGGTTGCCGAATT-1,tumor&stroma
AGAAGTGATTCGTGAT-1,stroma_fibroblastic_IC high
AGAATAAATCTTCAGG-1,tumor
AGACCAAACCACACCT-1,tumor
AGACCCACCGCTGATC-1,tumor
AGACCCGCCCTCCTCG-1,tumor&stroma
AGACCGGGAAACCCTG-1,stroma_fibroblastic_IC med
AGACGAAGTGCCGGTC-1,tumor&stroma
AGACGACGATGCCGCT-1,tumor
AGACTAGCCTTCCAGA-1,stroma_fibroblastic_IC med
AGACTGTTACCGGGTC-1,stroma_fibroblastic_IC high
AGAGAAGGAGTACAAT-1,tumor&stroma
AGAGATCTCTAAAGCG-1,tumor&stroma
AGAGGCTTCGGAAACC-1,tumor&stroma
AGATAACTTCAGGGCC-1,tumor
AGATACCGGTGTTCAC-1,tumor&stroma
AGATACTCAAGATCGA-1,tumor&stroma
AGATATAATACGACTA-1,stroma_fibroblastic_IC high
AGATCTCAGGTGTGAT-1,tumor
AGATGACTCGCCCACG-1,stroma_fibroblastic_IC med
AGATGCAAGACGTGCA-1,stroma_fibroblastic_IC med
AGATGCATCCTGTGTC-1,stroma_fibroblastic_IC med
AGATTATAGGACGTTT-1,stroma_fibroblastic_IC high
AGATTCACAACCGATA-1,tumor
AGCAAAGGCCGCTAGT-1,stroma_fibroblastic_IC high
AGCAACATATCTTATT-1,tumor
AGCACCAGTACTCACG-1,tumor&stroma
AGCACTACCGGCCTGT-1,tumor&stroma
AGCACTACCTCACCAG-1,tumor&stroma
AGCACTTAAGGACGCC-1,tumor
AGCAGAAGGAGAAAGA-1,stroma_fibroblastic_IC high
AGCAGCCAGATGAATA-1,tumor
AGCATATCAATATGCT-1,tumor
AGCATCATTTCGAAAG-1,tumor
AGCATCGTCGATAATT-1,stroma_fibroblastic_IC high
AGCCAAGCTTTGTGTC-1,tumor&stroma
AGCCACTCCCGTGCTT-1,tumor&stroma
AGCCCATACATGTAAG-1,stroma_fibroblastic_IC med
AGCCCGGCATTAGAGG-1,tumor
AGCCCGGTAGCCTGTA-1,stroma_fibroblastic_IC high
AGCCGTGGCTAAATGT-1,tumor&stroma
AGCCTAATACCCACGT-1,tumor
AGCGACAGGAACGGTC-1,tumor
AGCGACATCCCATTCA-1,stroma_fibroblastic_IC med
AGCGACCAACGATATT-1,tumor&stroma
AGCGCATAATGAATCG-1,tumor&stroma
AGCGGACACTTCGTAG-1,stroma_fibroblastic_IC high
AGCGGCGGTTAGCGGT-1,tumor&stroma
AGCGTGGTATTCTACT-1,tumor
AGCTAACAAGCAATGT-1,tumor
AGCTCCTTCGCACATC-1,tumor&stroma
AGCTCTAGACGTTCCA-1,stroma_fibroblastic_IC med
AGCTCTTTACTCAGTT-1,tumor&stroma
AGCTGTAACCTCAATC-1,tumor&stroma
AGCTTGATCTTAACTT-1,tumor
AGGAAGCTGTCCGCCG-1,stroma_fibroblastic_IC high
AGGACAGTCGAATCCC-1,tumor
AGGACGACCCATTAGA-1,tumor&stroma
AGGATAAAGTCGGGAT-1,tumor
AGGATATAGGGATTTA-1,tumor
AGGATCACGCGATCTG-1,tumor
AGGCAGATGCGTAAAC-1,tumor&stroma
AGGCAGGGAGCGTACT-1,stroma_fibroblastic_IC high
AGGCATTGTCGTAGGG-1,tumor&stroma
AGGCCACCCGTTATGA-1,stroma_fibroblastic_IC med
AGGCCCTAGAACGCCA-1,stroma_fibroblastic_IC med
AGGCGGTTTGTCCCGC-1,stroma_fibroblastic_IC med
AGGCTATGGTTAGCTT-1,tumor&stroma
AGGCTTCCCGAAGAAG-1,tumor&stroma
AGGGACTCTACGCGAC-1,stroma_fibroblastic_IC high
AGGGCGAGCAGCTGAT-1,stroma_fibroblastic_IC med
AGGGTCGATGCGAACT-1,tumor&stroma
AGGGTTCCCTTTGGTT-1,tumor&stroma
AGGGTTTAGTTCGGGA-1,stroma_fibroblastic_IC med
AGGTAGATCGAGATAT-1,stroma_fibroblastic_IC high
AGGTAGGTACAAAGCT-1,tumor
AGGTCAGGTGAGAGTG-1,stroma_fibroblastic_IC med
AGGTGGTGACCTTCGC-1,tumor&stroma
AGGTGTATCGCCATGA-1,tumor
AGGTTCTCCTTTCCGG-1,tumor
AGGTTTCACACACCTT-1,tumor
AGTAATGTCTTGCCGC-1,tumor&stroma
AGTACGGGCACCTGGC-1,tumor&stroma
AGTACTCTTATGCCCA-1,tumor
AGTATAATACTAGGCA-1,stroma_fibroblastic_IC high
AGTATACACAGCGACA-1,tumor&stroma
AGTATGCTGGAGACCA-1,stroma_fibroblastic_IC med
AGTATTTGGCACGACC-1,tumor&stroma
AGTCAACACCACCATC-1,tumor
AGTCAAGATGACACTT-1,tumor&stroma
AGTCCATTGGCTGATG-1,tumor&stroma
AGTCGACGGTCTCAAG-1,tumor
AGTCGGCCCAAACGAC-1,stroma_fibroblastic_IC med
AGTCGGCTCAACTTTA-1,stroma_fibroblastic_IC med
AGTCGTCGACCACCAA-1,tumor
AGTCGTGGGCATTACG-1,stroma_fibroblastic_IC high
AGTCTCACAAGACTAC-1,tumor&stroma
AGTCTTCTCCTCAAAT-1,tumor&stroma
AGTGAACAAACTTCTC-1,tumor&stroma
AGTGACCTACTTTACG-1,tumor
AGTGAGACTTCCAGTA-1,tumor&stroma
AGTGATATGAGTAGTT-1,stroma_fibroblastic_IC med
AGTGATTCAAGCAGGA-1,tumor&stroma
AGTGCGTAGCTCGTAA-1,tumor
AGTGCTTGCACGAATA-1,tumor
AGTGGCTCCGTCGGCC-1,stroma_fibroblastic_IC med
AGTGGTGTTACCCGTG-1,tumor
AGTTAAACACTTGCGA-1,tumor
AGTTAAGTCAACCGCT-1,tumor&stroma
AGTTCCTACAGAATTA-1,stroma_fibroblastic_IC med
AGTTCCTATTTATGTT-1,tumor
AGTTTGCACCTGCCTC-1,tumor&stroma
AGTTTGGCACGGGTTG-1,tumor
AGTTTGGCCAGACCTA-1,stroma_fibroblastic_IC med
ATAAACGGACCCGTAA-1,tumor&stroma
ATAAAGGCTCGGTCGT-1,tumor
ATAAATATTAGCAGCT-1,tumor
ATAACGCCGGAGGGTC-1,tumor&stroma
ATAACGGAGTCCAACG-1,tumor&stroma
ATAAGGTGGAGAACAT-1,tumor
ATAAGTTACCGCGACG-1,tumor&stroma
ATAATAGCTGTTGAAT-1,tumor&stroma
ATAATCTTGGAGAACC-1,tumor&stroma
ATAATTAGCTAAGTAG-1,stroma_fibroblastic_IC high
ATACAGGCCCTCCAAT-1,tumor
ATACCACGGGCAACTT-1,tumor
ATACCTAACCAAGAAA-1,tumor&stroma
ATACGCCGGCGAAACC-1,stroma_fibroblastic_IC high
ATACGGAACGTCGTTT-1,tumor&stroma
ATACGTACTTAGCCAC-1,tumor
ATACGTCCACTCCTGT-1,tumor&stroma
ATACGTTATGCACGGA-1,stroma_fibroblastic_IC high
ATACTAGCATGACCCT-1,tumor&stroma
ATACTGCCTTACACCG-1,tumor
ATAGACGAAGAGAAAG-1,stroma_fibroblastic_IC med
ATAGAGTACTGGGACA-1,stroma_fibroblastic_IC med
ATAGGCGGCTATAGAA-1,stroma_fibroblastic_IC med
ATAGGTTGGGCAGATG-1,tumor
ATAGTGAAGCGTTCTC-1,tumor
ATATAAAGCGCTCGTG-1,tumor
ATATAAATGTAGCTGC-1,tumor
ATATAGAGTATTGGTC-1,tumor&stroma
ATATCGTTCCTCGAAC-1,tumor&stroma
ATATTCAGTTAAACCT-1,tumor&stroma
ATATTCCACATAGTGA-1,tumor
ATATTTAACCCTCAAG-1,stroma_fibroblastic_IC med
ATCAAACGAAGGTTTG-1,tumor&stroma
ATCAATCTGGGCTGCA-1,stroma_fibroblastic_IC med
ATCAATGCCGTGGCTG-1,tumor
ATCACGTGCTAATTAA-1,tumor&stroma
ATCACTTCATCCTCGC-1,stroma_fibroblastic_IC med
ATCAGACGGCACGCCG-1,tumor&stroma
ATCAGCCTCATGCTGC-1,tumor
ATCAGCTCGTCCACTA-1,tumor&stroma
ATCATCCAATATTTGT-1,tumor
ATCCAACGCAGTCATA-1,stroma_fibroblastic_IC high
ATCCAATGGAGGGTCC-1,stroma_fibroblastic_IC med
ATCCACATCGACAGAA-1,stroma_fibroblastic_IC high
ATCCAGAGCAACAACC-1,tumor
ATCCAGGATTCGTGAA-1,tumor
ATCCCATCCACAGCGC-1,tumor
ATCCTACCTAAGCTCT-1,tumor&stroma
ATCCTGAATCGCTGCG-1,tumor&stroma
ATCCTGCGTGGAATGG-1,tumor&stroma
ATCGACCCAATACAGA-1,tumor
ATCGACTCTTTCCGTT-1,tumor
ATCGCACGCCGGGAGA-1,tumor
ATCGGAGACAGACGGC-1,tumor
ATCGTGGAAAGTCTGG-1,tumor&stroma
ATCTAATATCCTACGG-1,tumor&stroma
ATCTGACATGGAAGGA-1,stroma_fibroblastic_IC high
ATCTGGGCTGTTCTTG-1,stroma_fibroblastic_IC high
ATCTGGTTAAGACTGT-1,tumor
ATCTTGACCTGCAACG-1,stroma_fibroblastic_IC med
ATGAAGCCAAGGAGCC-1,stroma_fibroblastic_IC high
ATGACGCCGGCTCTAA-1,tumor&stroma
ATGACGCGTTCTATCC-1,stroma_fibroblastic_IC med
ATGACTATCAGCTGTG-1,stroma_fibroblastic_IC high
ATGACTATGCGACATT-1,tumor
ATGAGGAGTGTTAATC-1,stroma_fibroblastic_IC high
ATGATCGGGAATAGAC-1,stroma_fibroblastic_IC med
ATGATGCAATGGTACA-1,tumor&stroma
ATGCACGCGCTGTTCA-1,tumor
ATGCACTACCGCATTG-1,stroma_fibroblastic_IC med
ATGCATGATCCAGGAT-1,tumor
ATGCCATTTGCGACCA-1,tumor&stroma
ATGCCGGTCTTGCATA-1,tumor&stroma
ATGCGACAGTCCCATT-1,stroma_fibroblastic_IC med
ATGCTCTGGCGCGGTA-1,tumor&stroma
ATGGAAATTTAAGGAG-1,tumor
ATGGAGCAGGCCGTGA-1,tumor&stroma
ATGGATTGACCAAACG-1,tumor&stroma
ATGGCAGCATTACGAT-1,tumor&stroma
ATGGGACCTGCTGAAC-1,tumor&stroma
ATGGGCCTCGGCCTCT-1,tumor&stroma
ATGGGTGTATACCTCC-1,tumor
ATGGTCGCGTGGTTTC-1,stroma_fibroblastic_IC med
ATGTGAAAGCCTAATG-1,stroma_fibroblastic_IC med
ATGTGCATCCGACGCA-1,tumor
ATGTGGACATCTTGAT-1,tumor
ATGTTCGTCGACCCAC-1,tumor&stroma
ATTAAACATGCGGACC-1,tumor&stroma
ATTAATACTACGCGGG-1,stroma_fibroblastic_IC med
ATTAATGAACCAGTCG-1,stroma_fibroblastic_IC high
ATTACGCGCTGGCAGG-1,tumor&stroma
ATTAGATTGATAGCGG-1,stroma_fibroblastic_IC med
ATTAGGCGATGCTTTC-1,stroma_fibroblastic_IC med
ATTATGCCATAGGGAG-1,stroma_fibroblastic_IC med
ATTATTATGTCCGTCA-1,tumor&stroma
ATTCACTGATGTTGGA-1,tumor&stroma
ATTCATATACTGTCCA-1,tumor&stroma
ATTCCTCCGCCAGTGC-1,stroma_fibroblastic_IC med
ATTCGACGCCGGGCCT-1,tumor
ATTGAAGATCTTAGTG-1,stroma_fibroblastic_IC high
ATTGATCACCACATTT-1,tumor&stroma
ATTGCGATCAGTAACT-1,stroma_fibroblastic_IC high
ATTGCTGCTCCTCCAT-1,tumor
ATTGGATTACAGCGTA-1,stroma_fibroblastic_IC high
ATTTACAGTTTACTGG-1,tumor
ATTTCCGGGTTCTGCG-1,tumor
ATTTGCGCGAGTAGCT-1,tumor&stroma
ATTTGTCTTGGGAGCT-1,tumor
CAAACGAGTATCGCAG-1,tumor&stroma
CAAACGGTCGCACTTT-1,tumor&stroma
CAAAGATTATTGGGCC-1,tumor&stroma
CAAATCTCTCACAAGG-1,stroma_fibroblastic_IC med
CAAATGTCCTTCCGTG-1,tumor
CAACGACCCGTTTACA-1,stroma_fibroblastic_IC med
CAACTGCTCATCCGAT-1,stroma_fibroblastic_IC med
CAAGAGGGCGGAGTAC-1,tumor
CAAGATATTATAACGT-1,tumor&stroma
CAAGCAACGTCGGAGT-1,tumor&stroma
CAAGCGGCACATAATT-1,tumor
CAAGGATCGCATGTTC-1,tumor
CAAGTGTGGTTGCAAA-1,tumor&stroma
CAATAAACCTTGGCCC-1,tumor&stroma
CAATACGCTCTGAGGC-1,stroma_fibroblastic_IC med
CAATATTCTTGACCTA-1,stroma_fibroblastic_IC high
CAATGCGAGAAGTATC-1,tumor&stroma
CAATGGATCTCTACCA-1,tumor
CAATTAAGGGTGATGA-1,tumor
CAATTTCGTATAAGGG-1,tumor
CACAATGAGCTGCTAT-1,tumor
CACACGCGCTGTCTTA-1,tumor&stroma
CACAGAGACGAGGACG-1,tumor
CACAGCACCCACGGCA-1,stroma_fibroblastic_IC med
CACAGCTAGGGAGTGA-1,tumor&stroma
CACAGGGCCGTTGTCA-1,stroma_fibroblastic_IC high
CACATATTAGCAGGAT-1,tumor
CACATCGTGCACGCGC-1,stroma_fibroblastic_IC med
CACATCTCACCGACGA-1,tumor
CACATGATTCAGCAAC-1,tumor
CACCAATCATCCGTCT-1,stroma_fibroblastic_IC high
CACCACGCCACACAGA-1,tumor&stroma
CACCAGTCAGCATGCA-1,tumor&stroma
CACCCGGTTTGTGACT-1,stroma_fibroblastic_IC high
CACCCTAACAAGATCT-1,tumor
CACCCTTGGTGAGACC-1,tumor
CACCGCCAGAAGGTTT-1,tumor&stroma
CACCGTATCCCATCCG-1,stroma_fibroblastic_IC high
CACCGTTAGGGATCAC-1,tumor
CACCGTTGCGCGATAT-1,stroma_fibroblastic_IC med
CACCTTGCGAAACTCG-1,tumor&stroma
CACGAAAGTTAGTCCC-1,tumor&stroma
CACGCACAGCGCAGCT-1,stroma_fibroblastic_IC high
CACGCAGCGAGGCTTT-1,tumor
CACGCGGAACTGTTGC-1,tumor&stroma
CACGTCGGCAACCTCT-1,stroma_fibroblastic_IC high
CACGTTCGTGCTCTAG-1,tumor&stroma
CACGTTTCGTACACAC-1,tumor&stroma
CACTAAAGTTGCCTAT-1,tumor
CACTCAAGAGCTATGG-1,tumor
CACTCCTATGTAAGAT-1,tumor&stroma
CACTCGAGCTGAACAA-1,tumor
CACTCGGTTAGGAGGA-1,tumor&stroma
CACTTAATCAGACGGA-1,tumor&stroma
CAGAACTTAGCCCTCT-1,tumor&stroma
CAGACACCGATCGCTG-1,tumor
CAGACGAACCTGATAC-1,tumor
CAGAGACGGTCACCCA-1,tumor
CAGAGCATGAGCTTGC-1,tumor
CAGAGGCGATGCATGA-1,stroma_fibroblastic_IC high
CAGATACTAACATAGT-1,stroma_fibroblastic_IC high
CAGATCCTGGTTTGAA-1,tumor&stroma
CAGATGTTTGTCCCAA-1,stroma_fibroblastic_IC high
CAGCAGCCCGTTCCTT-1,tumor
CAGCAGTCCAGACTAT-1,tumor
CAGCAGTCTGTGCTGC-1,stroma_fibroblastic_IC high
CAGCCTCCTGCAGAGG-1,stroma_fibroblastic_IC high
CAGCGATTCCCTTCAA-1,stroma_fibroblastic_IC high
CAGCTCACTGAGACAT-1,stroma_fibroblastic_IC high
CAGCTGGCGTAACCGT-1,stroma_fibroblastic_IC med
CAGCTTAGTAGGTAGC-1,tumor
CAGGATATATCGTTGT-1,tumor&stroma
CAGGCCGTTTGGGTGT-1,tumor
CAGGCGCACGGTGGTC-1,tumor
CAGGCGCCATGCTAGG-1,tumor
CAGTAAGGGACGTCTC-1,tumor
CAGTACCAGTTTACGT-1,tumor&stroma
CAGTCGGCCTAGATAT-1,tumor
CAGTCTGTATACTGGG-1,tumor
CAGTGAATAAATGACT-1,stroma_fibroblastic_IC high
CAGTGTCGGCTGGCCC-1,tumor&stroma
CAGTTCAAATTGACAC-1,stroma_fibroblastic_IC med
CATAACGGACAGTCGT-1,tumor&stroma
CATAAGAAGCTTGGCT-1,tumor
CATAAGCTCTCCGTCT-1,stroma_fibroblastic_IC med
CATACACGGTTCCCAC-1,tumor&stroma
CATACCCGTACCCAGT-1,tumor
CATACGGCGTCTGGGC-1,tumor
CATACTATGTAATTGT-1,tumor&stroma
CATAGCGTTGCCCACC-1,stroma_fibroblastic_IC high
CATAGTCCACAAGAAC-1,stroma_fibroblastic_IC med
CATATAGGTACAGTCA-1,tumor&stroma
CATATGTCAGGCTACG-1,stroma_fibroblastic_IC med
CATCCTCTCAAAGATC-1,tumor&stroma
CATCGGACGGGTTAAT-1,tumor&stroma
CATGAGATGCACTCTC-1,tumor
CATGCCAACTCGCAAA-1,stroma_fibroblastic_IC med
CATGGATTGTCTTCCG-1,stroma_fibroblastic_IC high
CATGGCAGGAAGATCG-1,tumor
CATGGGTATGCCTTAT-1,tumor&stroma
CATGGTAAGTAGCGTT-1,tumor
CATGGTATTAGTTTGT-1,stroma_fibroblastic_IC med
CATGGTCTAGATACCG-1,tumor&stroma
CATGTAAGAGACATTT-1,tumor&stroma
CATGTCTCATTTATGG-1,tumor&stroma
CATTACGTCGGCCCGT-1,stroma_fibroblastic_IC med
CATTATGCTTGTTGTG-1,stroma_fibroblastic_IC med
CATTGCGAAATGGGCG-1,tumor&stroma
CATTTAGCGGACCATG-1,tumor&stroma
CATTTGAGTGGTACGT-1,tumor&stroma
CCAAACAGAACCCTCG-1,stroma_fibroblastic_IC high
CCAACGATGCACTGAT-1,tumor&stroma
CCAAGAAAGTGGGCGA-1,tumor
CCAAGACTTCTGCGAA-1,tumor&stroma
CCAAGCGTAACTCGTA-1,stroma_fibroblastic_IC med
CCAATAGTGCCGTCGA-1,tumor&stroma
CCAATGTCACAGCAAG-1,tumor
CCAATTGAATGTTAAT-1,stroma_fibroblastic_IC high
CCACAATGTACGTCTT-1,tumor
CCACACTGAGATATTA-1,tumor
CCACAGTACCCATCCT-1,tumor&stroma
CCACATGGCTCTTTAT-1,stroma_fibroblastic_IC high
CCACCAACTTTACTGT-1,tumor&stroma
CCACCCAAGGAAAGTG-1,stroma_fibroblastic_IC med
CCACGGAGCCATAAGA-1,stroma_fibroblastic_IC med
CCACTGGTGGCTGGTT-1,tumor
CCAGAAAGCAACTCAT-1,tumor&stroma
CCAGCCTGGACCAATA-1,tumor&stroma
CCAGCTCGAACGCATT-1,stroma_fibroblastic_IC high
CCAGCTGATGGTACTT-1,tumor
CCAGGGACGTGGCCTC-1,stroma_fibroblastic_IC med
CCAGTCAAATCTCTTA-1,tumor&stroma
CCAGTCTTGTCATAGA-1,stroma_fibroblastic_IC med
CCATAACCTGTGCAGT-1,tumor&stroma
CCATAGAGGCTGCCAG-1,stroma_fibroblastic_IC med
CCATAGGTTGGCGTGG-1,tumor&stroma
CCATATGGAAACTATA-1,stroma_fibroblastic_IC high
CCATCGCAGTTAAACT-1,tumor&stroma
CCATCTCACCAGTGAA-1,tumor&stroma
CCATGCCTGTTTAGTA-1,tumor
CCATGCTCTGCAGGAA-1,stroma_fibroblastic_IC high
CCATGGCCCTTGTACC-1,stroma_fibroblastic_IC med
CCATTAGCGATAATCC-1,tumor
CCATTCCCTGCCCACA-1,tumor&stroma
CCATTTCTACCTATTA-1,tumor
CCCAAACATGCTGCTC-1,tumor
CCCAACATACGTCGCG-1,stroma_fibroblastic_IC med
CCCAATGAGATTTGCA-1,stroma_fibroblastic_IC med
CCCAATTTCACAACTT-1,tumor
CCCACTCCACGGTATC-1,tumor&stroma
CCCAGTAAACTTGGGA-1,tumor
CCCAGTTAAGGCGCCG-1,tumor&stroma
CCCGAAGTTTCGCGAA-1,tumor
CCCGCAGCGCGAACTA-1,tumor
CCCGGTGTATCGGAAT-1,tumor&stroma
CCCGTAAGTCTAGGCC-1,tumor&stroma
CCCGTAGCTGGGAAGA-1,stroma_fibroblastic_IC high
CCCGTCAGCGTCTGAC-1,stroma_fibroblastic_IC high
CCCGTGAGGGCGGTGA-1,tumor
CCCTAGGCAACAAGAG-1,stroma_fibroblastic_IC med
CCCTATGTAGAGCAGA-1,tumor&stroma
CCCTGAAATGAGTTGA-1,tumor&stroma
CCCTGACTAACAAATT-1,tumor
CCCTGCCCAATCCGCT-1,tumor&stroma
CCCTGCGCTACGCATA-1,tumor&stroma
CCCTGGCTGTTCCTTC-1,tumor&stroma
CCCTTTGACAGGTCTT-1,tumor&stroma
CCGAACACTGGGCCTC-1,stroma_fibroblastic_IC med
CCGAACCTTCCCGGCC-1,tumor
CCGAAGCATTGACCAA-1,tumor&stroma
CCGACAAAGGGAGTGC-1,tumor&stroma
CCGACGGGCATGAGGT-1,tumor
CCGATTCGAGGGACCC-1,tumor
CCGCACAAAGACCAAC-1,stroma_fibroblastic_IC med
CCGCACGTGACCTCGG-1,tumor&stroma
CCGCATGTGGTACGAT-1,tumor
CCGCCGGAACTTCTCG-1,tumor&stroma
CCGCCTTGCGATGTCG-1,tumor
CCGCGATTTGGTAGGT-1,tumor&stroma
CCGCGCAAGATACCCA-1,tumor
CCGCGGAATGCGTCAC-1,tumor
CCGCGGGTACGAAGAA-1,tumor&stroma
CCGCTATCAGCACCAG-1,tumor&stroma
CCGCTTACCTCACTCT-1,tumor&stroma
CCGGAGCGTACTTTCT-1,tumor
CCGGCGTGAGACTCTG-1,tumor&stroma
CCGGGACCCGCAGAGA-1,tumor
CCGGGCGGTCTCGTCA-1,stroma_fibroblastic_IC med
CCGGGCTGCTCCATAC-1,tumor
CCGGGTTCGAGGTTAC-1,tumor
CCGGTTTGTAATTGTG-1,stroma_fibroblastic_IC high
CCGTAAGTTGGTCCCA-1,tumor&stroma
CCGTATCTCGTCGTAG-1,tumor&stroma
CCGTGTTAAATTCCAT-1,tumor&stroma
CCGTTCCGAATCTCGG-1,tumor
CCTAAATTAACGGTTC-1,tumor
CCTAACCCAAACAAGT-1,tumor&stroma
CCTACATTCACAGACG-1,tumor&stroma
CCTACTGCTTACACTT-1,stroma_fibroblastic_IC med
CCTAGGCGTAGCGATC-1,tumor
CCTAGGTAAAGGTAGC-1,tumor&stroma
CCTATAATGAGTGCCC-1,tumor
CCTATACCGTCCTGTC-1,stroma_fibroblastic_IC high
CCTATATCGTGTCACG-1,tumor&stroma
CCTATATTTGTCCTGG-1,stroma_fibroblastic_IC high
CCTATGGCTCCTAGTG-1,tumor
CCTATGGGTTACCGTC-1,tumor
CCTATTATTCCGGCCG-1,tumor
CCTCCGACAATTCAAG-1,tumor
CCTCCTGAGCCCACAT-1,tumor&stroma
CCTCGCGCTGTGCGAT-1,tumor&stroma
CCTCGGACCGGGATAG-1,tumor&stroma
CCTCTAATCTGCCAAG-1,stroma_fibroblastic_IC med
CCTCTATCGATTAGCA-1,tumor&stroma
CCTCTCTCCCATCTAG-1,tumor
CCTCTGTACTATTCTA-1,tumor&stroma
CCTGAACGATATATTC-1,tumor
CCTGAATATTTACATA-1,stroma_fibroblastic_IC med
CCTGACCACCGATGGT-1,tumor&stroma
CCTGCTATTTGAGAAG-1,stroma_fibroblastic_IC med
CCTGGCTAGACCCGCC-1,stroma_fibroblastic_IC med
CCTGGTCGAATGTGGG-1,stroma_fibroblastic_IC high
CCTGTAAGACATGATA-1,tumor&stroma
CCTGTACTCACGCCCA-1,tumor
CCTGTCACCCGGGCTC-1,tumor&stroma
CCTGTCGCCCGTAAAT-1,tumor
CCTGTTTGAAGACACG-1,tumor&stroma
CCTTCAGTTAAAGTGA-1,tumor&stroma
CCTTCTCAGCGTTCCT-1,stroma_fibroblastic_IC med
CCTTTAAGGGAGCACT-1,tumor&stroma
CGAAACGCAATTCATG-1,tumor&stroma
CGAACAGTATGGGCGT-1,tumor&stroma
CGAACCCGCATGCGTC-1,tumor
CGAACGGCCGGACAAC-1,tumor&stroma
CGAAGTTGCTCTGTGT-1,tumor
CGAATCTGCTCGACGC-1,tumor&stroma
CGAATGAAGTCATTGC-1,tumor&stroma
CGAATGACGCATAATG-1,stroma_fibroblastic_IC high
CGACAATTTGATCTAA-1,tumor&stroma
CGACACGCTCCGACAG-1,tumor&stroma
CGACAGTTCGCGTTAT-1,tumor
CGACCCTTAACGCCGG-1,tumor&stroma
CGACGCATCCGTACCT-1,tumor
CGAGACCCTAGAGTGT-1,tumor&stroma
CGAGAGATGTGAACCT-1,tumor
CGAGAGCGCGTAGATA-1,tumor
CGAGGCTAAATATGGC-1,tumor
CGAGGGACTGCGGTCG-1,tumor&stroma
CGAGGGTATCCAGGTG-1,tumor&stroma
CGAGTACTAAAGAGGA-1,stroma_fibroblastic_IC high
CGAGTGAAGGTACCAG-1,tumor&stroma
CGAGTTCTGTCCCACC-1,tumor&stroma
CGAGTTTATCGGACTG-1,tumor&stroma
CGATACCTCGCGGACA-1,tumor
CGATAGCGATACAGTG-1,tumor
CGATCCGACCCAGTGC-1,tumor
CGATCTGTTGGAGGAC-1,stroma_fibroblastic_IC med
CGATGTTGTTATCTAC-1,tumor&stroma
CGATTAAATATCTCCT-1,tumor&stroma
CGATTCGCCTGGCTGC-1,tumor
CGCAAACACGAGTTAC-1,stroma_fibroblastic_IC high
CGCAATTAGGGTAATA-1,stroma_fibroblastic_IC med
CGCACATGTCCACTAC-1,tumor&stroma
CGCACGTGCGCTATCA-1,tumor
CGCAGGCGATCCAAAC-1,stroma_fibroblastic_IC high
CGCATGGTGCGATGCT-1,tumor
CGCATTAGCTAATAGG-1,tumor&stroma
CGCCAAGAAGCCGAGT-1,tumor
CGCCACAGGTCGCGAT-1,tumor&stroma
CGCCATCCGATTATGA-1,stroma_fibroblastic_IC med
CGCCCAGCACGCCTAG-1,tumor&stroma
CGCCGCCCATGCCTGT-1,tumor
CGCCTCCCTCCTCTAT-1,tumor
CGCCTGGCCTACGTAA-1,stroma_fibroblastic_IC med
CGCGACCGCGACAGAT-1,tumor&stroma
CGCGAGTCTGCCGGGT-1,tumor&stroma
CGCGCAAATGTCCAGA-1,tumor
CGCGCATGTTTGATTG-1,tumor
CGCGGCTCAACTTGAA-1,tumor&stroma
CGCGGGAATTAGGCAG-1,tumor
CGCGTTCATGAAATAC-1,stroma_fibroblastic_IC med
CGCTACGGGACATTTA-1,tumor
CGCTATTCTTAGGCTC-1,tumor
CGCTCGACATAATGAT-1,stroma_fibroblastic_IC high
CGCTCTCCGTAGATTA-1,tumor&stroma
CGCTGGTGACTACCCT-1,tumor
CGCTGTGACGCCGCAC-1,stroma_fibroblastic_IC med
CGCTGTGTGGATGTTG-1,tumor&stroma
CGCTTATTCCCGGTCG-1,tumor&stroma
CGCTTTCTTGCATTCG-1,tumor&stroma
CGGAAAGAATCAAACG-1,tumor&stroma
CGGAACGTAAACATAG-1,tumor&stroma
CGGACGTTACTTGAAG-1,tumor
CGGAGCAATTTAATCG-1,tumor
CGGAGCATGGCGATCC-1,tumor
CGGAGTTTGAGAGACA-1,tumor
CGGATCCTCAAGGACT-1,tumor
CGGCAAACATCGTGCG-1,tumor
CGGCCACGCACAAAGT-1,tumor
CGGGAATTTATGTAAA-1,tumor
CGGGAGCTTCAGTGTA-1,tumor&stroma
CGGGATCAATGTAAGA-1,tumor
CGGGCAGCTAAACCGC-1,stroma_fibroblastic_IC high
CGGGCCTTCTTTGTAA-1,tumor&stroma
CGGGTGTACCCATTTA-1,tumor&stroma
CGGTACTAGAATCAAA-1,tumor&stroma
CGGTCAAGTGGGAACC-1,stroma_fibroblastic_IC med
CGGTCCGTCGCAAGCC-1,stroma_fibroblastic_IC high
CGGTGAAGACTAAAGT-1,tumor&stroma
CGGTGCAGATAGAACG-1,tumor&stroma
CGGTGCGCGTTGGTCC-1,stroma_fibroblastic_IC high
CGGTTGACCTGGCATA-1,tumor&stroma
CGGTTTACTGAACATT-1,
CGTACCTGATAGGCCT-1,stroma_fibroblastic_IC med
CGTATTAAGAGATCTA-1,stroma_fibroblastic_IC high
CGTCACGTCCATTGGT-1,stroma_fibroblastic_IC med
CGTCGCTTGGTTATAC-1,tumor
CGTCGGGTCTAAGCGC-1,tumor
CGTCGTCCTTCGCGAA-1,tumor
CGTGAAGTTAATTCAC-1,tumor
CGTGACCAGTCCTCTG-1,stroma_fibroblastic_IC high
CGTGCAGACTGGGACA-1,stroma_fibroblastic_IC high
CGTGCATTGTCGACGC-1,tumor&stroma
CGTGCCCTCCCGAAGA-1,tumor&stroma
CGTGCTTCTACCTAAA-1,tumor
CGTGGCCGAATATCTA-1,tumor&stroma
CGTGTCCCATTCGCGA-1,stroma_fibroblastic_IC med
CGTGTCTCGTTACGAC-1,stroma_fibroblastic_IC med
CGTTCATGGTGCGCGT-1,stroma_fibroblastic_IC high
CGTTGAATACCGCGCT-1,tumor
CGTTGAGCGACCGTCG-1,tumor
CGTTGTCGGCAATTGA-1,stroma_fibroblastic_IC high
CGTTGTTTCAATTCCC-1,tumor&stroma
CGTTTCGCTCATTACA-1,tumor&stroma
CGTTTGTGTAGAGGGT-1,stroma_fibroblastic_IC high
CTAAAGAATGCCTACT-1,tumor
CTAAAGGGAAATAGGA-1,tumor&stroma
CTAAATCCGGTGTACA-1,tumor&stroma
CTAACCGCGCGCCCGT-1,tumor
CTAACTGGTCCGGTTC-1,tumor&stroma
CTAAGGGAATGATTGG-1,tumor
CTAATTCGCACGCGCT-1,stroma_fibroblastic_IC high
CTACAAGAAATAACCC-1,tumor&stroma
CTACACTCGCAGATGG-1,stroma_fibroblastic_IC high
CTACCCTAAGGTCATA-1,tumor&stroma
CTACGACTAGCTATAA-1,tumor&stroma
CTACGCACGGAGTACC-1,tumor
CTACTATCATAGGTTT-1,tumor&stroma
CTACTCAAGGTATAGT-1,stroma_fibroblastic_IC med
CTACTCTAGGCCCGGC-1,tumor&stroma
CTACTGCCACCTGACC-1,tumor
CTAGATTTACGACGGC-1,tumor
CTAGGCGCCCTATCAG-1,tumor
CTAGGTTCGGACGTGA-1,tumor&stroma
CTAGTCACGTCTTAAG-1,tumor&stroma
CTAGTGAAGGACAGGA-1,tumor&stroma
CTAGTTACAACCCGGT-1,tumor
CTAGTTGGGCCCGGTA-1,tumor
CTATACTTAAAGCGAG-1,tumor
CTATAGGCGTTGATGT-1,stroma_fibroblastic_IC high
CTATCGGGTCTCAACA-1,stroma_fibroblastic_IC med
CTATGCCCGAATGCAA-1,stroma_fibroblastic_IC high
CTATGTCACTAGCCCA-1,stroma_fibroblastic_IC high
CTATGTGAGTCACGGC-1,stroma_fibroblastic_IC med
CTATTCATGTGTCCCA-1,tumor&stroma
CTATTTGGTTACGGAT-1,tumor&stroma
CTCAAACCACTGCCCG-1,stroma_fibroblastic_IC high
CTCACATTTACTAAAT-1,stroma_fibroblastic_IC high
CTCACTTGGCTGGTAA-1,tumor&stroma
CTCAGATTGTGATAAG-1,tumor
CTCATGGTAATTTGCG-1,stroma_fibroblastic_IC high
CTCATTGCTCTAACAA-1,tumor
CTCATTTGATGGGCGG-1,tumor&stroma
CTCCCTCCTTTCGATC-1,tumor&stroma
CTCCGCCCACATGAGG-1,tumor&stroma
CTCCGGCCTAATATGC-1,tumor
CTCCTCCAGCTCACAC-1,stroma_fibroblastic_IC high
CTCGAGACATACGATA-1,stroma_fibroblastic_IC high
CTCGAGGTCGAACAGT-1,stroma_fibroblastic_IC med
CTCGCACCTATATAGT-1,tumor&stroma
CTCGCATTGCATAGCC-1,tumor
CTCGCCGAATGTAGGG-1,stroma_fibroblastic_IC high
CTCGGGTTCTCTGGCC-1,tumor
CTCGGTACCACTGCTC-1,tumor
CTCGGTCCGTAGCCTG-1,stroma_fibroblastic_IC med
CTCGGTTGTCGGCCCT-1,tumor
CTCGTCGAGGGCTCAT-1,tumor&stroma
CTCTACACTGGCGATT-1,stroma_fibroblastic_IC med
CTCTATTTGGCTGCAG-1,tumor
CTCTCACAATCGATGA-1,stroma_fibroblastic_IC high
CTCTGGACGCCTGGTG-1,stroma_fibroblastic_IC med
CTCTTCTATTGACTGG-1,tumor&stroma
CTCTTCTGGAAGTTAG-1,stroma_fibroblastic_IC high
CTCTTGTCCCGCTTGG-1,tumor
CTGAATCCGAGACCTC-1,tumor&stroma
CTGCACAACTACATAT-1,tumor
CTGCACTCCAGTACAG-1,tumor
CTGCCATGCATCACAT-1,tumor
CTGCCTTTAATACCTT-1,tumor
CTGCTGAGGCCACGAA-1,tumor&stroma
CTGCTTGGCGATAGCT-1,tumor
CTGGAAATGGATGCTT-1,stroma_fibroblastic_IC high
CTGGACGCAGTCCGGC-1,tumor
CTGGATTTACACTTGA-1,tumor
CTGGCATCCGAATGAG-1,stroma_fibroblastic_IC med
CTGGCGCACAGGTCTG-1,tumor
CTGGCTGATTCATCCT-1,tumor&stroma
CTGGCTGGTTGTCAGT-1,tumor
CTGGGATAAATAATGG-1,tumor&stroma
CTGGGCCTGCTATATC-1,stroma_fibroblastic_IC med
CTGGGTAGGCAGTTAA-1,stroma_fibroblastic_IC med
CTGGGTTGAGTTAAAG-1,tumor
CTGGTAACACATAGAA-1,tumor
CTGGTGAATGGGCCTA-1,tumor
CTGGTTTCGAGCAAGA-1,tumor&stroma
CTGTACTTCTTAGCAT-1,tumor
CTGTAGCCATCTCACT-1,stroma_fibroblastic_IC high
CTGTCAAATGGCTCGG-1,tumor&stroma
CTGTGCAGGGTAGGTC-1,tumor
CTGTGGTCGGGAGATA-1,tumor&stroma
CTGTTACCCAATCTAG-1,tumor&stroma
CTGTTCACTGCCTGTG-1,tumor
CTTAAGCAGCGAGCCG-1,tumor&stroma
CTTACACGGTATTCCA-1,tumor
CTTAGGTATAGACCAG-1,tumor
CTTATGCGCTCAGGGC-1,tumor&stroma
CTTCAACTCCACTTGG-1,tumor
CTTCAGTGGTCGCCTA-1,tumor
CTTCATTGTCAGTGGA-1,tumor
CTTCCGCTCCGTGAAG-1,stroma_fibroblastic_IC high
CTTCGTAGATAGGTGA-1,tumor
CTTCTATGTTGAAGTA-1,stroma_fibroblastic_IC med
CTTCTATTAATGCTAG-1,tumor
CTTGAGTTAGGGTAAT-1,tumor
CTTGCAACCGCCTCCT-1,stroma_fibroblastic_IC med
CTTGCCCAGGCTCTAC-1,tumor&stroma
CTTGGCCAAGCTGGGA-1,tumor&stroma
CTTGTACTTGTTGACT-1,stroma_fibroblastic_IC med
CTTGTCAACATTCGAG-1,tumor
CTTGTTGCTGAGTCAA-1,tumor&stroma
CTTTAACTTTCAAAGG-1,tumor&stroma
CTTTAATATTGGTCGA-1,tumor
CTTTAGGAACACTGTT-1,tumor
CTTTAGTGCTATTATT-1,tumor
CTTTCTGTGCGGGCTT-1,tumor&stroma
CTTTGGCTTTAGTAAA-1,tumor
CTTTGGGATTGTTGCA-1,stroma_fibroblastic_IC high
GAAACAGATGACCACC-1,tumor
GAAACATAGGAAACAG-1,tumor&stroma
GAAACCGAATTACCTT-1,tumor&stroma
GAAACCTATACAAATG-1,tumor&stroma
GAAACTCGTGCGATGC-1,tumor&stroma
GAAAGCAGTGCACTTT-1,tumor
GAAAGCCCTTTGGACC-1,tumor
GAAATATCACCATCAG-1,stroma_fibroblastic_IC med
GAAATGGCGGTGTTAG-1,stroma_fibroblastic_IC med
GAAATTGTCTCTATAA-1,tumor&stroma
GAACACACATCAACCA-1,stroma_fibroblastic_IC high
GAACAGATTACTAAAT-1,tumor
GAACCCTCTGTGTTCT-1,stroma_fibroblastic_IC high
GAACCTCGACCTACAC-1,stroma_fibroblastic_IC med
GAACGACCGAATGATA-1,tumor&stroma
GAACGTCTCATGGTCG-1,tumor&stroma
GAAGAAACGATATTGT-1,stroma_fibroblastic_IC med
GAAGCCTGCACATTCC-1,tumor&stroma
GAAGCTCGGACCCGTC-1,tumor&stroma
GAAGCTTGCTGACCGC-1,tumor&stroma
GAAGTCAGTTGCACTA-1,tumor&stroma
GAAGTCTCCCTAGCGA-1,tumor
GAAGTGATTTATCGTG-1,tumor
GAAGTTTCCACTCAAT-1,tumor
GAATAGACGCGACCCA-1,tumor
GAATAGTGCTCGATTA-1,stroma_fibroblastic_IC med
GAATCGACATGGTCAC-1,stroma_fibroblastic_IC med
GAATCTGAACATTCTC-1,tumor
GAATGCGAATCGGTTC-1,stroma_fibroblastic_IC high
GAATGGGCTTATCGAC-1,tumor&stroma
GAATGTGGTCCGGATT-1,stroma_fibroblastic_IC med
GAATGTTGGGTAATCT-1,tumor&stroma
GAATTCACCCGGGTGT-1,tumor
GAATTTCTCGCTGCAG-1,tumor
GACAAACATATGCAGG-1,tumor&stroma
GACAACGACCATTGAA-1,stroma_fibroblastic_IC med
GACAACGCAGCTTACG-1,stroma_fibroblastic_IC med
GACACAAGGGAAGAAA-1,tumor
GACACTGAGTTCAGTG-1,tumor&stroma
GACAGATTTCTGGCTC-1,tumor
GACAGCCAGACCTGAC-1,tumor
GACAGGCACACACTAT-1,tumor&stroma
GACATCGATTTATAAC-1,tumor
GACCAGAGCCCTGTAG-1,stroma_fibroblastic_IC med
GACCCAATTATGATAC-1,tumor
GACCGACTGAAGCGTC-1,tumor
GACCGTGCTGACGGTG-1,tumor
GACCGTTACATGCGAC-1,tumor&stroma
GACGACGATCCGCGTT-1,tumor
GACGAGGCTAATAAAC-1,tumor&stroma
GACGCATACCCGTCGG-1,tumor&stroma
GACGCCGTAAAGGCTA-1,tumor&stroma
GACGCTTGCTTCTAAA-1,tumor
GACGGGTTGGCCCGTA-1,tumor&stroma
GACGTGTAGGGATTAT-1,tumor&stroma
GACTAAGATCATGCAC-1,stroma_fibroblastic_IC high
GACTAAGTAGGCTCAC-1,stroma_fibroblastic_IC med
GACTACAAAGCGGTGG-1,tumor&stroma
GACTGCAAATCGAGCT-1,tumor
GACTGCACCAGCCCAG-1,tumor&stroma
GAGACTGATGGGTAGA-1,stroma_fibroblastic_IC high
GAGACTTCGCGACCGA-1,tumor
GAGAGGGCGCGAGGTT-1,tumor
GAGAGGTGCATTCTGG-1,stroma_fibroblastic_IC med
GAGATCTGCTTGGCAT-1,tumor&stroma
GAGATCTGTCACTCCG-1,tumor&stroma
GAGATCTTCCATGACA-1,tumor
GAGATGGGAGTCGACA-1,tumor
GAGCACCTGTGTCCAG-1,tumor
GAGCATCAACAACTTG-1,tumor&stroma
GAGCCAGCTACCTGTG-1,tumor&stroma
GAGCGCGCACGAGTAG-1,tumor&stroma
GAGCGCTGTTAGGTAA-1,tumor&stroma
GAGGAATGGAGAGGTT-1,stroma_fibroblastic_IC high
GAGGCCCGACTCCGCA-1,tumor
GAGGCTATCAAAGTCG-1,tumor&stroma
GAGGGTAGTAACAAAG-1,tumor&stroma
GAGTAAGGCCACGGGA-1,tumor
GAGTAGATACTAGTTG-1,stroma_fibroblastic_IC high
GAGTATGCCCGCCTTG-1,tumor
GAGTATGCGCGTGCAT-1,stroma_fibroblastic_IC high
GAGTCAGACCAGAATC-1,stroma_fibroblastic_IC high
GAGTCCGCTTACCGGA-1,tumor&stroma
GAGTGTGCGGTACCCA-1,tumor&stroma
GAGTTCTGTGGGTGCT-1,stroma_fibroblastic_IC med
GAGTTGATGGCAATTT-1,tumor&stroma
GATAACTCGCACTGTG-1,stroma_fibroblastic_IC med
GATACGATGGGAGTCA-1,stroma_fibroblastic_IC med
GATAGGTAACGTTGAC-1,stroma_fibroblastic_IC med
GATATCAAGCAGGAGC-1,stroma_fibroblastic_IC high
GATATGAGACACTAAC-1,tumor
GATCAACATAAAGGGA-1,stroma_fibroblastic_IC high
GATCATTCCAAACATT-1,stroma_fibroblastic_IC high
GATCCCTTTATACTGC-1,tumor&stroma
GATCCGGGAATTAACA-1,stroma_fibroblastic_IC med
GATCCTCGACACTGGC-1,tumor
GATCGACACTATCTGA-1,stroma_fibroblastic_IC med
GATCGCGGGCTCTCCA-1,tumor
GATCGCTACCCGATTT-1,tumor&stroma
GATCGCTATATCTCAG-1,tumor
GATCGGATAGAACCAT-1,stroma_fibroblastic_IC med
GATCGGTGGCCATAAC-1,tumor&stroma
GATCGTGACTGATATC-1,stroma_fibroblastic_IC med
GATCTAACCGTATTCA-1,tumor&stroma
GATCTGCTATCTAAGG-1,stroma_fibroblastic_IC high
GATCTTGGAGGGCATA-1,tumor
GATCTTTGCAGGGTAT-1,tumor
GATGACAAGTAGGGCA-1,stroma_fibroblastic_IC med
GATGCCTTCTGCGGCA-1,tumor&stroma
GATGCGTCCTGCATTC-1,tumor
GATGCTACAAGCGCCT-1,tumor
GATGCTGTATTTCATC-1,tumor
GATGTAACGAACCACC-1,tumor
GATGTTCAATCCACGA-1,tumor
GATTAACCGAAAGCCC-1,tumor&stroma
GATTACTGAATTTGGG-1,tumor&stroma
GATTCCCTTGTCGCAG-1,tumor&stroma
GATTCGACGGTTCACG-1,tumor
GATTGCTCCAGTTGCA-1,tumor&stroma
GCAAACCCTACATTAT-1,tumor
GCAAACCTTGGCCATA-1,tumor&stroma
GCAAATATTACGCTTT-1,tumor
GCAAATGAGGACACTT-1,stroma_fibroblastic_IC med
GCAACACACTAGAACT-1,stroma_fibroblastic_IC high
GCAACCACGGCCGCGT-1,stroma_fibroblastic_IC med
GCAAGAATTCCTTGGC-1,stroma_fibroblastic_IC med
GCAAGCTGGAAACCGC-1,stroma_fibroblastic_IC high
GCAAGTGCACAGAGAA-1,stroma_fibroblastic_IC med
GCACAAACCCTAGATG-1,tumor
GCACGCCTACTTAGAT-1,stroma_fibroblastic_IC high
GCAGATTAGGGATATC-1,tumor
GCAGCACACAGCCCAG-1,tumor
GCAGGAACTTAGATCT-1,tumor&stroma
GCAGGACTATAGAATA-1,tumor
GCAGTGTGGCTATAGG-1,tumor&stroma
GCATACGAGGTCTTTA-1,tumor&stroma
GCATAGAGCACTCAGG-1,tumor
GCATCGGCCGTGTAGG-1,tumor&stroma
GCATGAGGGACGCGGC-1,tumor&stroma
GCATGGGTACTGACGC-1,stroma_fibroblastic_IC med
GCATTGACTTGCGGAA-1,tumor&stroma
GCATTGTAATTCATAT-1,tumor
GCCAAGAATACTTCTG-1,tumor
GCCACAATTTAAGGAC-1,tumor&stroma
GCCATCGAGCTGCGTG-1,stroma_fibroblastic_IC high
GCCATTAGCCTCAAAC-1,tumor
GCCCGACTTCTTCCCG-1,stroma_fibroblastic_IC med
GCCCGAGAGTCTAAAT-1,tumor&stroma
GCCCGATCTGTGGTCG-1,tumor
GCCCGCGCGTAAACGG-1,tumor
GCCCGTAATACCTTCT-1,tumor&stroma
GCCCTAGCCGTCGCGA-1,tumor&stroma
GCCGAAATTCCTACGT-1,tumor&stroma
GCCGACCCACGACTGC-1,tumor&stroma
GCCGATTGGCCAAGCT-1,tumor
GCCGCATTAGTCCGGC-1,tumor
GCCGCTTGTGAGAAAC-1,tumor
GCCGGGTTAGGGTCGC-1,tumor
GCCTCATCTGGAAATA-1,tumor&stroma
GCCTCTATACATAGCA-1,tumor
GCCTTTGTCAGTGGAC-1,tumor&stroma
GCGAAACGATCGGGAG-1,tumor&stroma
GCGAAACTTAACTGGA-1,stroma_fibroblastic_IC med
GCGAAGCCATACCCGT-1,stroma_fibroblastic_IC high
GCGACCCAACCATCTG-1,tumor&stroma
GCGACGATAGTTGTAC-1,tumor&stroma
GCGAGGCCCGAGCAGA-1,tumor
GCGATTGTTAACGTTA-1,tumor
GCGCAAATATATTCAA-1,stroma_fibroblastic_IC med
GCGCCGTTCCACGATA-1,tumor
GCGCGTCATTGGTACA-1,tumor&stroma
GCGCTATGCCGAGGCA-1,tumor&stroma
GCGCTTAAATAATTGG-1,stroma_fibroblastic_IC high
GCGGACCGCGTTGTGG-1,tumor
GCGGAGAAACTTCGCA-1,tumor
GCGGAGAGGGAGAACG-1,tumor
GCGGCAAAGTATTGCC-1,stroma_fibroblastic_IC med
GCGGCTCTGACGTACC-1,tumor
GCGGGCGAGCCTTACC-1,tumor&stroma
GCGGTTCCCTATCATG-1,tumor&stroma
GCGTCCCTAAGACATA-1,stroma_fibroblastic_IC high
GCGTCGCCAGGGTGAT-1,tumor&stroma
GCGTCTCTGCATTGGG-1,tumor
GCGTGGTACTGGGTTA-1,tumor&stroma
GCTAACTGAAGTCTGA-1,stroma_fibroblastic_IC high
GCTAAGTAGTTTCTCT-1,tumor&stroma
GCTAATACCGAATGCC-1,stroma_fibroblastic_IC med
GCTACAGTACGGACCG-1,stroma_fibroblastic_IC med
GCTACGACTTATTGGG-1,tumor
GCTACTATAGTAGAGT-1,tumor&stroma
GCTAGCTTGAATAGCT-1,tumor&stroma
GCTAGGCACCACGGAG-1,tumor&stroma
GCTAGTAGAGCTTGTA-1,tumor
GCTATACGTCTCGGAC-1,tumor
GCTATCATACTCATGG-1,tumor
GCTATGCCAGCTTATG-1,tumor
GCTCAATCCGTTTATT-1,tumor
GCTCAATGTAATACCG-1,stroma_fibroblastic_IC high
GCTCCTGACATACTGG-1,tumor&stroma
GCTCGCTCATGTCCAA-1,tumor&stroma
GCTCTAAACCCTGACG-1,tumor
GCTCTATGTTACGTGC-1,stroma_fibroblastic_IC med
GCTCTCGGGTACCGAA-1,tumor
GCTCTTTCCGCTAGTG-1,stroma_fibroblastic_IC high
GCTGAATCTTCCAATC-1,stroma_fibroblastic_IC med
GCTGAGGCGTGAGTAT-1,tumor
GCTGCACGGTTTCTTA-1,tumor
GCTGCTAAGTAGTCGA-1,tumor
GCTGCTACTGCGTAGC-1,tumor
GCTGCTCTCCGGACAC-1,stroma_fibroblastic_IC high
GCTGGCATATTCACCT-1,tumor
GCTGGCGGCGCATGCT-1,tumor
GCTGGTTTAGGCCATA-1,tumor&stroma
GCTGTATTACTGGCCC-1,tumor
GCTGTTGCTACCGAAC-1,tumor
GCTTAATGTAACTAAC-1,tumor
GCTTATGAAGCAGGAA-1,tumor&stroma
GCTTCCGTCCCTAGAC-1,tumor&stroma
GGAACCGTGTAAATTG-1,tumor
GGAACCTTGACTCTGC-1,stroma_fibroblastic_IC med
GGAATGCGCTAGCGTG-1,tumor&stroma
GGACCAACAGGATAAC-1,tumor
GGACCTCTAGGCCGCC-1,stroma_fibroblastic_IC med
GGACTCGTGAGTGGTC-1,stroma_fibroblastic_IC high
GGAGAAGTCATTGGCA-1,stroma_fibroblastic_IC med
GGAGACCATCTACATA-1,tumor
GGAGACGACACCTTTG-1,tumor
GGAGCACCAAGAACTA-1,stroma_fibroblastic_IC med
GGAGGGCTTGGTTGGC-1,stroma_fibroblastic_IC med
GGAGTGCCGCCCTGGA-1,tumor&stroma
GGATCTTGACTCAACC-1,tumor
GGATGAAGATCGCTGA-1,tumor&stroma
GGATGACGCGAGTTTA-1,tumor
GGATGCTGGCGTTCCT-1,tumor&stroma
GGATGTCCTTACCGCA-1,tumor&stroma
GGATTGCTGTGACTCC-1,tumor&stroma
GGCAAAGGCGCCAATA-1,tumor
GGCAAATTACTTTACT-1,tumor
GGCAAGGCGAAATAGC-1,stroma_fibroblastic_IC high
GGCAATAGTCAATGAG-1,tumor
GGCACTCCACTGGGCA-1,tumor&stroma
GGCAGCAAACCTATGC-1,tumor&stroma
GGCATACAGGTAGCGG-1,tumor
GGCCCTCACCCACTTA-1,tumor&stroma
GGCCGAGACTCTGGTG-1,tumor&stroma
GGCCGTTTGGGTTTCA-1,tumor&stroma
GGCGAAATCTAACTTG-1,tumor&stroma
GGCGAGCGAAACGGCA-1,tumor&stroma
GGCGCAGGACATCTTC-1,tumor&stroma
GGCGCATGAATTGATG-1,tumor&stroma
GGCGCGGAGATCTTTC-1,tumor&stroma
GGCGCGTTCGAGTTTA-1,tumor
GGCGGAGTAATATTAG-1,stroma_fibroblastic_IC med
GGCGGTAGGATCATTG-1,stroma_fibroblastic_IC med
GGCGTCCTATCCGCTG-1,tumor
GGCTACTATACACTCC-1,stroma_fibroblastic_IC high
GGCTATTAAGTTGTAT-1,tumor
GGCTCCTCCACCTGTT-1,tumor&stroma
GGCTCTGCTCCAACGC-1,tumor
GGCTGAAATAGCAAAG-1,tumor&stroma
GGCTTTCAATAAGGGT-1,tumor&stroma
GGGAACGGGAGGTTAG-1,tumor
GGGAACGGTTTCAGAT-1,stroma_fibroblastic_IC high
GGGACCCGTATATCTT-1,tumor&stroma
GGGACTGCATAGATAG-1,stroma_fibroblastic_IC high
GGGAGAACTCACAGTA-1,stroma_fibroblastic_IC med
GGGAGGATGCCCGAAA-1,tumor
GGGAGTTAATGAGGCG-1,stroma_fibroblastic_IC med
GGGATGGACCCGCGTC-1,tumor
GGGATGGTCGTAACCG-1,tumor
GGGATTTACCGCACCT-1,tumor&stroma
GGGCAACCGCACGTGC-1,tumor&stroma
GGGCACTATTGACCAT-1,tumor
GGGCAGACGTCACTGC-1,stroma_fibroblastic_IC med
GGGCAGAGCAATCGTT-1,tumor
GGGCAGGATTTCTGTG-1,tumor
GGGCCCGTCTTAAACA-1,tumor
GGGCCCTACGAAAGGG-1,tumor&stroma
GGGCCGGCCGAAGTAC-1,tumor&stroma
GGGCCTAAATGGGCTA-1,tumor
GGGCGATATGTGTGAA-1,stroma_fibroblastic_IC high
GGGCGGCAAATGAATT-1,tumor
GGGCGGGTTCCCTACG-1,tumor&stroma
GGGCGTACATTTATAT-1,stroma_fibroblastic_IC high
GGGCGTCACCACGTAA-1,tumor
GGGCTACTATTTCGTG-1,tumor&stroma
GGGCTATGATCGATGG-1,stroma_fibroblastic_IC high
GGGCTGCCTAGGGCGA-1,stroma_fibroblastic_IC med
GGGCTGGTTAGTCGCG-1,stroma_fibroblastic_IC high
GGGTACTTCATGAACT-1,tumor
GGGTATGTATGCACTT-1,tumor
GGGTATTCTAGCAAAC-1,tumor
GGGTCACCGTGACGGT-1,tumor&stroma
GGGTGACACCTTAACT-1,tumor&stroma
GGGTTAACATTTGAGT-1,tumor&stroma
GGTACAAACATGCTAT-1,tumor
GGTACATCTGGGACGA-1,tumor&stroma
GGTAGAAGACCGCCTG-1,tumor
GGTAGACCGTTGGGCG-1,tumor
GGTAGTGCTCGCACCA-1,stroma_fibroblastic_IC high
GGTCAGTGGGTCCCAC-1,tumor&stroma
GGTCGGTCGTCCACAG-1,tumor&stroma
GGTCGTAAGCTCGCAC-1,tumor&stroma
GGTCTCTGAATGGACT-1,tumor&stroma
GGTCTGAGAATCTGGA-1,tumor
GGTGAAGTACAGGGAT-1,tumor&stroma
GGTGATAAGGAGCAGT-1,tumor&stroma
GGTGCTGGTACACATT-1,tumor&stroma
GGTGGACTGCTCTGGC-1,tumor
GGTTACCACCCTCGGG-1,stroma_fibroblastic_IC med
GGTTAGCTATATGTCT-1,stroma_fibroblastic_IC med
GGTTAGGCTTGGAGAA-1,stroma_fibroblastic_IC high
GGTTCGGATTATACTA-1,tumor
GGTTTAATTACCATCG-1,stroma_fibroblastic_IC high
GGTTTACAATCTCAAT-1,tumor&stroma
GGTTTAGCCTTTCTTG-1,tumor&stroma
GTAAGCGGGCAGTCAG-1,tumor&stroma
GTAAGTAACAGTCTGG-1,tumor&stroma
GTAAGTAGGGTATACC-1,stroma_fibroblastic_IC high
GTAATCTGATTCTTCG-1,tumor
GTACACTTACCTGAAG-1,tumor&stroma
GTACAGAGGCAAGGGT-1,tumor&stroma
GTACGAGATTGCGACA-1,tumor
GTACGCTTCATTGCAC-1,tumor&stroma
GTACGTTTGCCCGTCA-1,tumor
GTACTAAGATTTGGAG-1,stroma_fibroblastic_IC high
GTACTCCCTTATCGCT-1,tumor
GTACTGGAGTTAGACC-1,tumor&stroma
GTAGACACGCCTGACT-1,stroma_fibroblastic_IC high
GTAGAGGGAGACAAGT-1,tumor&stroma
GTAGCCAAACATGGGA-1,tumor
GTAGCGGCTATACACT-1,tumor
GTAGCTTCCTCTTGTT-1,tumor&stroma
GTAGTCGCGGGAATCA-1,stroma_fibroblastic_IC high
GTATAGGACTCAGTAG-1,tumor
GTATCTCAGTCTTGAC-1,stroma_fibroblastic_IC med
GTATCTTTCATAACCA-1,tumor&stroma
GTATGAAATTTCACTC-1,tumor&stroma
GTATGTGGGTCTAGTT-1,tumor
GTATTCTGAGAAACGA-1,tumor
GTCAAGCGGACTCGGG-1,stroma_fibroblastic_IC high
GTCAGAATAGTCTATG-1,tumor
GTCATGCACCTCCGTT-1,stroma_fibroblastic_IC med
GTCATGGACATGACTA-1,tumor
GTCATTAGAGCGAACG-1,tumor
GTCCCAATCATCCCGC-1,tumor
GTCCCGCGACGTTATG-1,tumor
GTCCGGACCTGAAATT-1,tumor&stroma
GTCCGGCTGAATTGCG-1,stroma_fibroblastic_IC high
GTCCTACGAATAGTCT-1,tumor&stroma
GTCCTACTCTACGGGC-1,stroma_fibroblastic_IC high
GTCCTAGGATACCTTA-1,tumor
GTCGCCGTTGTGTGTT-1,stroma_fibroblastic_IC high
GTCGCGTAACCCGTTG-1,stroma_fibroblastic_IC med
GTCGGATATCTCAGAC-1,tumor
GTCGGGAACATGGTAG-1,tumor&stroma
GTCGGGAAGCAGAAAC-1,stroma_fibroblastic_IC high
GTCGTACCATCTCGGG-1,tumor&stroma
GTCGTACCTACGATTG-1,tumor&stroma
GTCGTTATTCGCTTAT-1,tumor
GTCTACTCAATTACAA-1,tumor&stroma
GTCTATCTGAGTTTCT-1,tumor
GTCTATTGGTTCCGGT-1,tumor&stroma
GTCTCAAGGCCCGGCT-1,stroma_fibroblastic_IC high
GTCTCCTGCCAGTATG-1,tumor&stroma
GTCTGGGCGGTCGAGA-1,tumor&stroma
GTGAAGTCACGACTCG-1,tumor&stroma
GTGACCGCACACTACG-1,tumor&stroma
GTGACTTCAGTAGTGC-1,stroma_fibroblastic_IC med
GTGAGGACACTTAAGG-1,stroma_fibroblastic_IC med
GTGAGTGGTACAACGC-1,tumor&stroma
GTGATCACTAACGCCT-1,tumor&stroma
GTGATCATAGATCTGC-1,tumor&stroma
GTGATTCGCCGCTCAA-1,tumor
GTGCCATCACACGGTG-1,stroma_fibroblastic_IC med
GTGCCCGTTCGGATTC-1,tumor
GTGCCGCTTCAAAGGT-1,tumor
GTGCGAAATCGAACAC-1,tumor&stroma
GTGCGGGTCTCCAAAT-1,tumor&stroma
GTGCGTGTATATGAGC-1,tumor&stroma
GTGCTCAAGTACTGTC-1,tumor
GTGCTGCAGATAAGGA-1,tumor&stroma
GTGGACCAACCCGATT-1,stroma_fibroblastic_IC med
GTGGACGCATTTGTCC-1,tumor&stroma
GTGGAGCGTTTACCGA-1,stroma_fibroblastic_IC med
GTGGAGTCGGCGGTTG-1,stroma_fibroblastic_IC high
GTGGCAAACAGCGGCA-1,tumor
GTGGCGGTCCCAGCGT-1,tumor&stroma
GTGGGAAGACTGAATC-1,stroma_fibroblastic_IC high
GTGGGCTTAGACACAC-1,tumor
GTGGGTACTGAGCGTA-1,stroma_fibroblastic_IC med
GTGGTATAGTCTGCCG-1,stroma_fibroblastic_IC high
GTGGTGGCCAAGTGAA-1,tumor&stroma
GTGGTTTCCGCCTTTC-1,stroma_fibroblastic_IC med
GTGTACCTTGGCTACG-1,stroma_fibroblastic_IC med
GTGTATATCAGCGGGC-1,tumor&stroma
GTGTCGTATAGCGTTC-1,tumor
GTGTTACTATGCGTCC-1,stroma_fibroblastic_IC high
GTTAAAGTAGGACTGG-1,stroma_fibroblastic_IC high
GTTAACATCACTTAAA-1,tumor
GTTAAGGGTGCGATGT-1,stroma_fibroblastic_IC high
GTTACAATTGGTGACG-1,tumor
GTTACCTACAACTTGC-1,tumor&stroma
GTTACTTTGGGCCTAG-1,tumor
GTTAGGCTACCCGTTT-1,tumor&stroma
GTTATATTATCTCCCT-1,tumor
GTTCACAGGAGTCTAG-1,tumor
GTTCCAGTCTGACCAT-1,tumor
GTTCGCCATAAGTGCC-1,tumor
GTTGAACCGGTTCCAT-1,tumor&stroma
GTTGAGTCCCGCCGGT-1,tumor
GTTGCACGGAGTTTCG-1,stroma_fibroblastic_IC med
GTTGGATTGAGAACAC-1,tumor&stroma
GTTGGATTTGCGTTGG-1,tumor&stroma
GTTGGTCATGCTATCC-1,tumor
GTTTACGTTCCATCTG-1,tumor
GTTTCATATCGTCGCT-1,tumor&stroma
GTTTCCTGGAGGGTGA-1,stroma_fibroblastic_IC med
GTTTCTGCAGTCTCCC-1,tumor&stroma
GTTTGACCAAATCCTA-1,stroma_fibroblastic_IC med
GTTTGGCCCAAGTTAT-1,tumor&stroma
GTTTGGGCTTGTGAGC-1,tumor
GTTTGGTAGGGTCAAC-1,tumor
GTTTGTTAGCCAAGTA-1,stroma_fibroblastic_IC high
TAAACCCAGGAGGGCA-1,stroma_fibroblastic_IC high
TAAAGCGGTATTTCCA-1,stroma_fibroblastic_IC high
TAAAGCGTTAGGAGAA-1,tumor&stroma
TAACAGCGTTTGTGCT-1,stroma_fibroblastic_IC high
TAACATACAATGTGGG-1,tumor&stroma
TAACATACACGCGATC-1,tumor
TAACGCTTTGAGAGCG-1,tumor
TAACTATCGAAGGTCC-1,stroma_fibroblastic_IC high
TAACTCATCCGCGCGG-1,tumor&stroma
TAAGAGGGACAGGGAC-1,tumor&stroma
TAAGCAGGCGACACGC-1,tumor&stroma
TAAGGCAACATAAGAT-1,tumor&stroma
TAAGGCATAACATCAA-1,stroma_fibroblastic_IC high
TAAGGCCCGTCACCCT-1,stroma_fibroblastic_IC high
TAAGGCTGAATCCCTC-1,tumor
TAAGGGCTGGGAGAGG-1,tumor&stroma
TAAGTAACATCTTGAC-1,tumor
TAAGTCGCCGAGTATC-1,tumor
TAATACACAGTAGTAT-1,tumor&stroma
TAATAGAACAGAGTTA-1,stroma_fibroblastic_IC high
TAATAGGTCACCAGAA-1,tumor&stroma
TACAACGCACAACTCA-1,tumor
TACAAGTCTCGTGCAT-1,tumor&stroma
TACAGAAACGGTGGGC-1,tumor&stroma
TACATAGGCATACACC-1,tumor
TACATCCCTATCCCTG-1,stroma_fibroblastic_IC high
TACATTTCTAACGTGC-1,tumor
TACCAAATAGCCCAGA-1,stroma_fibroblastic_IC med
TACCAATAAAGTACCA-1,tumor
TACCAGAAGTAGGTTC-1,tumor
TACCGGCTCACTGCCC-1,tumor&stroma
TACCGGTCGTTTCCAT-1,stroma_fibroblastic_IC med
TACCGTAGGTTAACTA-1,stroma_fibroblastic_IC med
TACCGTGCCTCGGACC-1,tumor
TACCTACTCCCAGTAT-1,tumor&stroma
TACCTATCCCTAGAGG-1,tumor
TACCTCACGCTTGTAC-1,stroma_fibroblastic_IC med
TACCTCAGTTGTCTGT-1,stroma_fibroblastic_IC high
TACCTTAAGATTTCCC-1,stroma_fibroblastic_IC high
TACGAACACGACTTCA-1,stroma_fibroblastic_IC high
TACGACGCTTGCTGCG-1,tumor&stroma
TACGACTGCCTCTTAG-1,tumor&stroma
TACGAGAACTTCACGT-1,tumor
TACGATGTTGATCATC-1,tumor
TACGCAGTTCTTTCCT-1,tumor
TACGCCATATTCTAAT-1,tumor
TACGCCGAGGGTACCC-1,tumor
TACGCCTCCATTCCGA-1,tumor
TACGTACTAGTGCTGA-1,stroma_fibroblastic_IC high
TACGTTTACCGGCAAT-1,tumor&stroma
TACTATGGTTCCTCAG-1,stroma_fibroblastic_IC high
TACTCCTCTAGTTGAC-1,stroma_fibroblastic_IC high
TACTCGGCACGCCGGG-1,tumor&stroma
TACTCTTTCGTCTTCA-1,tumor&stroma
TACTGAACAGATTTAG-1,stroma_fibroblastic_IC high
TACTGAGGGAAGAAAG-1,tumor&stroma
TACTGGACAGCTCGGC-1,tumor&stroma
TACTTGTTAGTAGTCC-1,tumor
TACTTTCCGCACGCCA-1,stroma_fibroblastic_IC high
TAGAAAGGTGGCGCTA-1,stroma_fibroblastic_IC med
TAGAAATTCACGTATA-1,tumor&stroma
TAGACGAAACGCCAAT-1,stroma_fibroblastic_IC high
TAGACGCCCGTACCGG-1,stroma_fibroblastic_IC high
TAGAGATCATGCAACT-1,stroma_fibroblastic_IC med
TAGAGTCTAAGCGAAC-1,stroma_fibroblastic_IC high
TAGATATGGACTGGAA-1,tumor
TAGATTCCTGGTTATT-1,tumor&stroma
TAGCCATTTCAAAGTC-1,tumor&stroma
TAGCCGGCGGTCAGCG-1,tumor&stroma
TAGCGTCCGGTGTGGT-1,tumor
TAGCGTTGGGTCTTAC-1,tumor
TAGCTAAGTCCGGGAG-1,stroma_fibroblastic_IC med
TAGCTAGAAGGCATGA-1,tumor
TAGCTAGTGATGATGG-1,stroma_fibroblastic_IC med
TAGCTCGCCTGATAAC-1,tumor
TAGCTGATGTGAAGCG-1,tumor&stroma
TAGGCGATGAGGTCTC-1,stroma_fibroblastic_IC med
TAGGCGGCTGCAAAGA-1,tumor&stroma
TAGGGAGCTTGGGATG-1,tumor&stroma
TAGGGTGTTTCAAGAG-1,tumor&stroma
TAGGTCCAAGTAAGGA-1,tumor&stroma
TAGGTGACGATAACCT-1,tumor
TAGGTGAGCCCTACTC-1,tumor&stroma
TAGGTGCTCGCCTAGC-1,tumor
TAGGTGTTCCACAGAT-1,tumor&stroma
TAGTACCACAACTTTC-1,tumor
TAGTAGCTTATACCAG-1,tumor&stroma
TAGTCCGCAGAGAATG-1,tumor
TAGTCGATCACGGGTT-1,tumor&stroma
TAGTCTAACAACGAGA-1,tumor&stroma
TAGTGCCCTCCAGAGT-1,stroma_fibroblastic_IC high
TATAAATCCACAAGCT-1,stroma_fibroblastic_IC med
TATACACAGACGCCTT-1,tumor
TATACGCGTCATCACT-1,stroma_fibroblastic_IC high
TATAGAGTCGCTTGAA-1,tumor&stroma
TATAGCGCACGTTATC-1,tumor
TATAGGGTACTCATGA-1,tumor&stroma
TATATAGGGCTTTACG-1,stroma_fibroblastic_IC high
TATATATCGAGAAATG-1,tumor&stroma
TATCAGTGGCGTAGTC-1,stroma_fibroblastic_IC med
TATCCAATTGGTTATC-1,tumor
TATCCATATCATGCGA-1,tumor
TATCCATCTCGGTTAG-1,tumor&stroma
TATCCGCACCGTCGGG-1,stroma_fibroblastic_IC med
TATCGATGATTAAACG-1,stroma_fibroblastic_IC high
TATCTACAGAGGTAAT-1,tumor
TATCTACCACAGCGGG-1,tumor&stroma
TATCTGAGCCGATATT-1,tumor&stroma
TATGATCTTCTCTTTA-1,stroma_fibroblastic_IC high
TATGCTCCCTACTTAC-1,tumor
TATGGATGTGCTACGC-1,stroma_fibroblastic_IC high
TATGGCCCGGCCTCGC-1,tumor
TATGGGACCGAGCAGG-1,tumor
TATGGGTACGTATCGT-1,stroma_fibroblastic_IC high
TATGGTCTGAGTAACA-1,tumor
TATGTAGAAACCCGGC-1,tumor&stroma
TATGTCTCATTGTGCC-1,tumor
TATTAACACCAAAGCA-1,tumor&stroma
TATTAACCTGACCGCG-1,stroma_fibroblastic_IC high
TATTACCATCCTGCTT-1,tumor&stroma
TATTCAATTCTAATCC-1,stroma_fibroblastic_IC med
TATTCCACTCAGCTCG-1,tumor&stroma
TATTCCGAGCTGTTAT-1,tumor&stroma
TATTCCTCCGCCCACT-1,tumor&stroma
TATTTAGTCTAGATCG-1,tumor
TATTTGTTACCCTTTA-1,stroma_fibroblastic_IC med
TCAAACAACCGCGTCG-1,tumor&stroma
TCAAACTTAGATTGTT-1,stroma_fibroblastic_IC med
TCAAAGAGCTATCTGT-1,tumor&stroma
TCAAATTTGAGACTCA-1,stroma_fibroblastic_IC high
TCAACAAAGATAATTC-1,tumor&stroma
TCAACATAGCGCCCTA-1,tumor&stroma
TCAACATCGACCGAGA-1,stroma_fibroblastic_IC med
TCAACCATGTTCGGGC-1,stroma_fibroblastic_IC high
TCAACGAGGAGACAAA-1,tumor&stroma
TCAACGCAGGAAATAA-1,tumor&stroma
TCAACGCGACCGGCAG-1,tumor&stroma
TCAAGGTTACTACACC-1,tumor&stroma
TCAATACGCCGTCATG-1,stroma_fibroblastic_IC high
TCACAGCAAACTCGAA-1,tumor
TCACAGGAGAATAAGA-1,stroma_fibroblastic_IC high
TCACAGGGAATCGCAA-1,tumor
TCACAGGTTATTGGGC-1,tumor
TCACCCTCTTAAGATT-1,tumor
TCACGATGTCCGTGGA-1,stroma_fibroblastic_IC med
TCACGCATTGTAGATC-1,tumor
TCACGGTCATCGCACA-1,stroma_fibroblastic_IC med
TCACGTGCCCGATTCA-1,tumor
TCAGACGCTATAGAAG-1,tumor
TCAGCAAATGCATCTC-1,tumor&stroma
TCAGCAGTAGGCCCTG-1,tumor&stroma
TCAGCTTGAGCTTTCG-1,tumor
TCAGGGTGTAACGTAA-1,tumor
TCAGGTTCTTTGAGAA-1,tumor
TCAGTACTGACCCGCG-1,stroma_fibroblastic_IC high
TCAGTAGGGACTATAA-1,stroma_fibroblastic_IC med
TCAGTGTATACGTCAT-1,tumor
TCATATGAGCTTTGTT-1,tumor&stroma
TCCAACTTTAAATTCT-1,tumor&stroma
TCCAATAAAGGCTACC-1,stroma_fibroblastic_IC high
TCCACAATGGTTTACG-1,tumor&stroma
TCCACCTCTAGCCTTT-1,tumor&stroma
TCCACTTTATCTAGGT-1,stroma_fibroblastic_IC med
TCCAGAGCACCGGTTC-1,tumor
TCCAGGCGAGTACGGT-1,stroma_fibroblastic_IC med
TCCAGGGTATATACGA-1,tumor&stroma
TCCATCAATACTAATC-1,tumor
TCCCAAAGACGAAGGA-1,tumor
TCCCAGCTTTAGTCTG-1,tumor
TCCCAGGCTTAGCTAA-1,stroma_fibroblastic_IC med
TCCCGCGTACTCCTGG-1,tumor&stroma
TCCCGGGTGTGCTGCT-1,tumor
TCCCGTCAGTCCCGCA-1,stroma_fibroblastic_IC high
TCCCGTGTGCAATTTG-1,stroma_fibroblastic_IC med
TCCCTGGCGTATTAAC-1,stroma_fibroblastic_IC med
TCCCTGGCTCGCTGGA-1,tumor
TCCGAACTTGGCTTAC-1,tumor&stroma
TCCGATAATTGCCATA-1,stroma_fibroblastic_IC med
TCCGATGGTGCGACAT-1,stroma_fibroblastic_IC high
TCCGATTACATTGCCG-1,tumor
TCCGCCTGTCTACAAG-1,tumor
TCCGCGGCAGCATCTG-1,stroma_fibroblastic_IC med
TCCGCTGTCATCCCGG-1,tumor
TCCGCTTATCCCATTA-1,tumor
TCCGGTTCGTCCGGTC-1,tumor&stroma
TCCGTTAAGCTAATAT-1,tumor&stroma
TCCGTTTAGCCTTGAA-1,tumor&stroma
TCCTAAATTGGGAAGC-1,tumor&stroma
TCCTAACCGTCGGGCA-1,stroma_fibroblastic_IC high
TCCTACATCCACGGCC-1,tumor&stroma
TCCTAGCAAAGAAGCT-1,tumor&stroma
TCCTCCTAAGACATTC-1,stroma_fibroblastic_IC med
TCCTCGGGCTGGGCTT-1,stroma_fibroblastic_IC med
TCCTCTACGAGATGGC-1,stroma_fibroblastic_IC high
TCCTGCGTTGATACTC-1,tumor&stroma
TCCTTACGACGGTCCG-1,stroma_fibroblastic_IC high
TCCTTTAAATCCGCTT-1,tumor
TCCTTTCTTACGCTTA-1,stroma_fibroblastic_IC high
TCGAAATTTAGGACCA-1,stroma_fibroblastic_IC med
TCGAAGAACCGAGCAC-1,tumor&stroma
TCGAATATCCCGCAGG-1,tumor&stroma
TCGAGACCAACACCGT-1,tumor
TCGAGCCAGGCAGGCC-1,tumor
TCGCAAAGATGCATTT-1,tumor
TCGCCGAAGTTGCGTC-1,tumor&stroma
TCGCCGCACCGCGTGA-1,tumor
TCGCCGGTCGATCCGT-1,tumor
TCGCGTAGCAGTGTCC-1,stroma_fibroblastic_IC high
TCGCGTCCAGAAGGTC-1,tumor
TCGCTCGATATATTCC-1,tumor
TCGCTGGGCGGATTGT-1,tumor
TCGGAATGCGCTCTGA-1,tumor
TCGGACGCCCAGCCCA-1,tumor
TCGGAGAGTATCGGGA-1,stroma_fibroblastic_IC med
TCGGAGTACATGAGTA-1,stroma_fibroblastic_IC med
TCGGCGTACTGCACAA-1,tumor&stroma
TCGGGAGACAGCGTAC-1,tumor&stroma
TCGGGATTCAAACATA-1,tumor
TCGGGCCGTCGTGGTA-1,tumor
TCGTAAGACGACATTG-1,tumor
TCGTATTACCCATTGC-1,tumor&stroma
TCGTCAAGTACGCGCA-1,stroma_fibroblastic_IC high
TCGTCCGCTGGCGTCT-1,stroma_fibroblastic_IC med
TCGTCTTAGGCGTTAA-1,tumor&stroma
TCGTGTACTATGGATG-1,tumor
TCGTGTCACGCTGACA-1,stroma_fibroblastic_IC med
TCGTTAGGAGTCCCTA-1,tumor&stroma
TCGTTGCTATCCGGTC-1,stroma_fibroblastic_IC high
TCTAAAGAACAGTCTC-1,tumor&stroma
TCTACCGTCCACAAGC-1,tumor&stroma
TCTAGCAATCTCCGCC-1,stroma_fibroblastic_IC med
TCTAGCATCTTCGATG-1,stroma_fibroblastic_IC med
TCTAGCATGCCCAGAA-1,tumor
TCTAGTGATATCGTGG-1,tumor&stroma
TCTAGTTATCAGAAGA-1,tumor
TCTATCGGTCGCAACA-1,stroma_fibroblastic_IC med
TCTATTACTAGAGGAT-1,stroma_fibroblastic_IC med
TCTCATGAGATAGGGT-1,tumor&stroma
TCTCCCTGGGCAGCGT-1,tumor&stroma
TCTCGTGTTACGAGGA-1,tumor
TCTCTAATAGCTGGTA-1,stroma_fibroblastic_IC med
TCTGAACTCGTACCCG-1,tumor&stroma
TCTGAAGCACGTGGTC-1,tumor&stroma
TCTGCCAGAAACTGCA-1,tumor&stroma
TCTGGGAACCTTTGAA-1,tumor&stroma
TCTGGGTAGCGCTCAT-1,tumor
TCTGTGCCATCATAGT-1,stroma_fibroblastic_IC med
TCTGTTACCCAGCATA-1,tumor&stroma
TCTTACTTATGCCTCT-1,tumor&stroma
TCTTAGAGTGAACTCT-1,tumor&stroma
TCTTCGAATAGACGTT-1,tumor&stroma
TCTTCGATACCAATAA-1,stroma_fibroblastic_IC med
TCTTGATGCGTAGCGA-1,stroma_fibroblastic_IC med
TCTTGGTAACACCAAA-1,stroma_fibroblastic_IC med
TCTTTCATCCGTCCTT-1,tumor
TGAAAGGACCTGACTC-1,tumor&stroma
TGAATTTCACTTGCCT-1,tumor
TGACAGGACAAGTCCA-1,stroma_fibroblastic_IC med
TGACCCACGTTAGACA-1,tumor&stroma
TGACGAATATTTCCCT-1,stroma_fibroblastic_IC med
TGACGATGCACTAGAA-1,tumor&stroma
TGACTATAATCCTTTC-1,tumor&stroma
TGACTCCGAATCATAC-1,tumor&stroma
TGAGAATGCTTTACCG-1,tumor
TGAGACGTACCTCTCA-1,tumor
TGAGAGATTTACCACG-1,tumor
TGAGCCATACAGTCTC-1,tumor
TGAGCGGAAAGTGTTC-1,tumor&stroma
TGAGGAGTGCCAGCTT-1,tumor
TGAGTAAATTAGCGTA-1,tumor
TGAGTGCCTCTTAAAT-1,tumor&stroma
TGATACATTTAGCCGT-1,stroma_fibroblastic_IC high
TGATCAGGGAACTGCT-1,tumor&stroma
TGATCGGTTTGACCCT-1,stroma_fibroblastic_IC med
TGATCTCCGGCGCCAG-1,stroma_fibroblastic_IC high
TGATTCAGGTCCCGCG-1,tumor&stroma
TGATTCCCGGTTACCT-1,stroma_fibroblastic_IC high
TGATTCGTCTATCACT-1,tumor
TGATTCTGTCGCCGGT-1,tumor
TGATTTATTAGCTGTG-1,tumor&stroma
TGCAAGAATGACGTAA-1,stroma_fibroblastic_IC high
TGCAGAACTATATCGT-1,tumor
TGCAGAGTACCGAGCA-1,tumor
TGCAGATCGTCCTAGG-1,stroma_fibroblastic_IC med
TGCAGCTACGTACTTC-1,stroma_fibroblastic_IC med
TGCAGGATCGGCAAAG-1,stroma_fibroblastic_IC high
TGCAGTTTCCTCCCAT-1,tumor&stroma
TGCATATGTCTGTCAC-1,tumor&stroma
TGCATGTGGTAATCTA-1,tumor
TGCCAAAGTCAGACTT-1,stroma_fibroblastic_IC med
TGCCAATGGGTACTCT-1,tumor
TGCCACACTAGAGGAA-1,tumor
TGCCAGTACGTGGAGA-1,tumor
TGCCCGTACCGTTAAA-1,tumor
TGCCGGATGTACGAGC-1,tumor&stroma
TGCCGTGGATCGTCCT-1,tumor&stroma
TGCCTTGGCCAGGCAA-1,stroma_fibroblastic_IC high
TGCGAATATGGGATTT-1,stroma_fibroblastic_IC med
TGCGACACCCTAGTGC-1,stroma_fibroblastic_IC med
TGCGACGGCCGAACGT-1,stroma_fibroblastic_IC med
TGCGAGAATATTACCC-1,stroma_fibroblastic_IC high
TGCGCAAAGCATTTGG-1,stroma_fibroblastic_IC med
TGCGCGATTAACGGAG-1,stroma_fibroblastic_IC med
TGCGTAAGAACCTGAT-1,tumor&stroma
TGCGTCATGACTGAGC-1,tumor
TGCGTTTGTTGACACT-1,stroma_fibroblastic_IC high
TGCTAAGTGTCTATTT-1,tumor&stroma
TGCTCCACAGTTCTTA-1,tumor&stroma
TGCTCGGCGAAACCCA-1,tumor&stroma
TGCTCTTGAGAGTTTG-1,tumor&stroma
TGCTGTTGAAGAACTC-1,tumor
TGCTTAGAGAGAATGC-1,tumor
TGCTTCCCAAGCAGTA-1,stroma_fibroblastic_IC high
TGGAAGAAGGGAACGT-1,tumor
TGGACGCAATCCAGCC-1,stroma_fibroblastic_IC med
TGGACTGTTCGCTCAA-1,stroma_fibroblastic_IC med
TGGAGTGATGCGATGA-1,tumor
TGGCAAACTAAATTAC-1,tumor&stroma
TGGCAGATTACGATCA-1,tumor&stroma
TGGCAGCAGTAATAGT-1,tumor
TGGCCAAACTGAAGTA-1,tumor
TGGCCAATTTGGTACT-1,tumor&stroma
TGGCCGTATATTGACC-1,stroma_fibroblastic_IC high
TGGCGACTGCTCCAAA-1,stroma_fibroblastic_IC high
TGGCGATCAAGTTATG-1,tumor
TGGCTATGTGACATAC-1,tumor&stroma
TGGCTCTTGTCGCGTA-1,stroma_fibroblastic_IC med
TGGCTTTGGGTAGACA-1,stroma_fibroblastic_IC med
TGGGCCCATACTAATT-1,stroma_fibroblastic_IC med
TGGTAAGCAGGATTGA-1,stroma_fibroblastic_IC med
TGGTAGAATATATGGG-1,tumor&stroma
TGGTCCCACGCTACGG-1,tumor
TGGTCGTGCAAGGCAA-1,stroma_fibroblastic_IC med
TGGTCTGTTGGGCGTA-1,tumor
TGGTTAACTTACATTT-1,tumor
TGGTTCAACGGGTAAT-1,tumor
TGGTTCGTAGCAAAGG-1,tumor
TGTAATGACCACAATA-1,tumor&stroma
TGTACGAACAAATCCG-1,tumor
TGTAGGAGAAATTTCC-1,tumor
TGTAGTGATCTATAAT-1,tumor
TGTATAACAGATCCTG-1,tumor&stroma
TGTATGGCGCAGACAG-1,tumor&stroma
TGTCCTAAGTCACCGC-1,tumor
TGTCGTTATCACATAT-1,tumor
TGTGAGACTAGCCCAA-1,tumor&stroma
TGTGCTTTACGTAAGA-1,tumor
TGTGGCAAAGCGTATG-1,tumor&stroma
TGTGTCGCGAGTTGCA-1,stroma_fibroblastic_IC med
TGTGTGACCATGAATC-1,tumor&stroma
TGTGTTCGTATCCAAG-1,stroma_fibroblastic_IC med
TGTTATTGTATGTGGC-1,tumor&stroma
TGTTCCGCTTCCATGA-1,tumor
TGTTCGTATTGCGGTG-1,stroma_fibroblastic_IC med
TGTTCTTCCATTGACT-1,tumor
TGTTGTCAAGAAGTCT-1,tumor&stroma
TGTTTCGGTACTTCTC-1,tumor
TGTTTCTGAAGCGTGC-1,tumor
TTAACCAACCCTCCCT-1,tumor
TTAACTTCAGGTAGGA-1,stroma_fibroblastic_IC med
TTAAGATAGGATTGAC-1,tumor&stroma
TTAAGCGCCTGACCCA-1,tumor&stroma
TTAAGGCCCGTACTTT-1,stroma_fibroblastic_IC med
TTAATGTAGACCAGGT-1,stroma_fibroblastic_IC high
TTAATTGCTTTGGGTG-1,stroma_fibroblastic_IC high
TTACAACTACGCATCC-1,stroma_fibroblastic_IC high
TTACCATTGATTACCC-1,tumor
TTACCCTAGGGATTGG-1,tumor&stroma
TTACTAAAGGACTTTA-1,tumor
TTACTATCGGCTTCTC-1,tumor
TTACTCCGGCCGGGAA-1,tumor&stroma
TTACTCTGGTACGTAC-1,stroma_fibroblastic_IC med
TTACTGGGATATTTCA-1,tumor&stroma
TTAGAAGAACATGACT-1,tumor
TTAGAATAAGGGTCGG-1,stroma_fibroblastic_IC med
TTAGACGAGTCACCTC-1,tumor
TTAGAGTTTAGAAGGA-1,stroma_fibroblastic_IC med
TTAGCTGATTTGCCGT-1,tumor
TTAGGTCATAACCGAC-1,tumor&stroma
TTAGTAGGGCGGCGGG-1,tumor
TTAGTTATTCGTGGCA-1,tumor
TTATAGGTAATTGTCT-1,stroma_fibroblastic_IC high
TTATATACGCTGTCAC-1,stroma_fibroblastic_IC med
TTATATTTGGCAATCC-1,tumor&stroma
TTATCCTCAAGGAATA-1,tumor
TTATCTGACATTAGGA-1,tumor&stroma
TTATCTGTATCATAAC-1,tumor
TTATGAATGAAAGGGA-1,tumor
TTATGACAAACTGGAT-1,stroma_fibroblastic_IC high
TTATGATCTTAACGAA-1,tumor&stroma
TTATTAGAGCGTGTTC-1,tumor
TTCAAAGTCTCTAGCC-1,stroma_fibroblastic_IC med
TTCAACGACCCGACCG-1,stroma_fibroblastic_IC high
TTCAATACTCTGAATC-1,tumor&stroma
TTCACGAAAGGATCAC-1,tumor
TTCACTCGAGCACCTA-1,tumor
TTCAGCCCTGGTCCAC-1,tumor&stroma
TTCAGGCGTCAAAGCC-1,tumor&stroma
TTCCAATCTGGCTATC-1,tumor
TTCCACACAGATTTGA-1,tumor
TTCCCGGCGCCAATAG-1,tumor
TTCCGCGTGAGGCGAT-1,tumor
TTCCGGCCTTGAGGCT-1,stroma_fibroblastic_IC high
TTCCGGTTACCCACTT-1,tumor&stroma
TTCCTCGAGGGTGTCT-1,stroma_fibroblastic_IC med
TTCCTCTGCCCGAATA-1,tumor
TTCGACAGAGCCCGTG-1,tumor
TTCGACGGGAAGGGCG-1,stroma_fibroblastic_IC med
TTCGCACTCGCGTGCT-1,stroma_fibroblastic_IC med
TTCGCACTGTACGACA-1,tumor&stroma
TTCGCGCGCCATACGA-1,tumor&stroma
TTCGGGACTAATCGCG-1,stroma_fibroblastic_IC med
TTCGGGCGCTAGTCTT-1,stroma_fibroblastic_IC high
TTCGTACTCCAGAACG-1,tumor
TTCTAGAAAGTCTTAT-1,stroma_fibroblastic_IC med
TTCTAGGCCAATTGTG-1,stroma_fibroblastic_IC high
TTCTCTTACAGGTGAT-1,tumor&stroma
TTCTGACCGGGCTCAA-1,stroma_fibroblastic_IC high
TTCTGCCGCGCCTAGA-1,tumor
TTCTGCGAGCGCCCTT-1,tumor
TTCTGCGGGTTAGCGG-1,tumor&stroma
TTCTTATCCGCTGGGT-1,tumor&stroma
TTCTTGAGCCGCGCTA-1,tumor&stroma
TTCTTGGACGATCTGC-1,tumor&stroma
TTCTTGTAACCTAATG-1,stroma_fibroblastic_IC med
TTGAAGAATTCCCAGG-1,tumor
TTGAAGGATGGGCGCC-1,tumor
TTGAATATGGACTTTC-1,tumor&stroma
TTGAATCGTTGTATAA-1,tumor&stroma
TTGAATTCACGTGAGG-1,tumor
TTGACAGGAGCTCCCG-1,tumor&stroma
TTGACATGAACGTGGA-1,stroma_fibroblastic_IC med
TTGACCATGTTCTCCG-1,stroma_fibroblastic_IC med
TTGACCGTGTTAATGA-1,tumor
TTGACTACCATATGGT-1,tumor&stroma
TTGAGAAGTTTAGCAT-1,tumor&stroma
TTGAGAGTACTGCTAA-1,stroma_fibroblastic_IC med
TTGATCTAACTTTGTC-1,stroma_fibroblastic_IC med
TTGATTAGCTGTTTCT-1,stroma_fibroblastic_IC high
TTGATTATGCAGATGA-1,stroma_fibroblastic_IC high
TTGCACAATTCAGAAA-1,tumor&stroma
TTGCACGGAGCAGCAC-1,tumor&stroma
TTGCATGCTGATCACG-1,tumor&stroma
TTGCCATAGCCCGCTC-1,tumor
TTGCCCTGATCACGGG-1,tumor
TTGCCGCAGACCTACA-1,tumor
TTGCCGCTTTCTAGTA-1,stroma_fibroblastic_IC high
TTGCGGCATCAGAAAG-1,stroma_fibroblastic_IC high
TTGCGTCGGCCAACCG-1,tumor
TTGCTGAAGGAACCAC-1,tumor
TTGGAAGAATACAGTC-1,stroma_fibroblastic_IC med
TTGGACATGTGGCTTA-1,tumor&stroma
TTGGACCTATAACAGT-1,stroma_fibroblastic_IC high
TTGGATATCGTCTACG-1,tumor
TTGGATTGGGTACCAC-1,tumor
TTGGCTCGCATGAGAC-1,stroma_fibroblastic_IC med
TTGGGACACTGCCCGC-1,tumor
TTGGGCGGCGGTTGCC-1,tumor&stroma
TTGGTCACACTCGTAA-1,tumor
TTGGTTGCGGTGCGCG-1,tumor
TTGTAAGGACCTAAGT-1,stroma_fibroblastic_IC med
TTGTAAGGCCAGTTGG-1,tumor&stroma
TTGTAATCCGTACTCG-1,tumor
TTGTCACCGCGGTATC-1,stroma_fibroblastic_IC high
TTGTCGTTCAGTTACC-1,tumor
TTGTGAACCTAATCCG-1,tumor&stroma
TTGTGAGGCATGACGC-1,stroma_fibroblastic_IC med
TTGTGCAGCCACGTCA-1,tumor&stroma
TTGTGCGGAAGCGGAT-1,stroma_fibroblastic_IC med
TTGTGGTAGGAGGGAT-1,stroma_fibroblastic_IC high
TTGTGTATGCCACCAA-1,tumor
TTGTGTTTCCCGAAAG-1,tumor
TTGTTAGCAAATTCGA-1,stroma_fibroblastic_IC med
TTGTTCAGTGTGCTAC-1,tumor
TTGTTGTGTGTCAAGA-1,tumor&stroma
TTGTTTCACATCCAGG-1,tumor&stroma
TTGTTTCATTAGTCTA-1,stroma_fibroblastic_IC med
TTGTTTCCATACAACT-1,stroma_fibroblastic_IC med
